order_id,customer_id,order_date,category,region,quantity,price,revenue
f76d679a-4b8b-4957-b65f-01bdfc4cdaa7,1756,2023-05-14,Suits & Sportswear,North,4,130.67,522.68
1aff404e-b126-47ef-8393-ce639e8d5052,9803,2021-03-27,Suits & Sportswear,West,5,114.51,572.5500000000001
cdfdd8e8-d43f-40a8-97c7-44c868fec0b4,2586,2025-01-20,Tops & Tees,South,4,164.69,658.76
474df606-be55-4539-ba4a-ecac7ae54a45,5739,2022-10-10,Swim,East,3,48.86,146.57999999999998
13496f80-d118-4317-b882-e855a6e5d41e,3897,2020-10-05,Accessories,South,5,92.42,462.1
4881fd31-41d2-4e16-9d46-c2d366a1ca5c,9309,2023-09-20,Jeans,East,2,165.97,331.94
966cd3e9-c932-4d1a-8853-7ed9d69362f0,1813,2024-08-31,Sweaters,South,1,187.21,187.21
cb071859-bafb-41bf-bbe0-8e16158686c4,9682,2023-06-24,Suits & Sportswear,South,4,29.86,119.44
9a006538-b051-4add-ad7e-1b0a47cdea20,4053,2021-11-28,Sweaters,North,2,83.5,167.0
6b2c0ac1-d3a4-4786-a93c-74f30e2cd584,3826,2024-04-23,Suits & Sportswear,West,3,56.54,169.62
75c26de8-47e1-4e06-b94b-437e34f17200,2511,2025-02-15,Suits & Sportswear,North,1,104.27,104.27
92a26b21-9931-4bb4-808a-c3d2ad75fedd,1134,2023-07-17,Swim,North,1,113.71,113.71
498ad632-f4a0-4a79-a370-690a0d5cb39d,4333,2021-03-13,Footwear,East,5,73.16,365.79999999999995
bdc99a58-4ded-4d34-92b9-11aa0c9ae5dd,4720,2020-09-01,Jeans,East,3,92.37,277.11
965562e8-2c92-44b5-b217-61448dbb76cf,4820,2024-03-06,Swim,South,5,173.53,867.65
67bb7afd-0347-421b-b7d3-35e523ba9b12,1683,2022-06-27,Swim,West,4,96.74,386.96
f2b00b05-f4f0-4424-a91d-c7255f21a766,1192,2020-11-29,Jeans,North,4,94.43,377.72
f826cb94-f32e-4dc0-9c82-0a701bf74a8a,6345,2022-06-16,Sweaters,North,3,60.47,181.41
a701bbca-40ad-4c3a-be90-41c94f242347,8667,2023-09-23,Sweaters,West,4,117.58,470.32
f912bad7-07c0-4ec9-afeb-595c933b02e3,8335,2022-03-22,Suits & Sportswear,East,4,169.59,678.36
f5d28d2c-3802-48ec-8d2f-4ce2cfcf27c9,7669,2021-06-07,Swim,South,3,35.64,106.92
29a2e890-a09e-49cb-9521-8d2f37abb604,9966,2022-09-19,Sweaters,South,5,84.34,421.70000000000005
22c0db53-e7da-476e-af90-97ff11b20e45,5577,2021-11-03,Swim,South,1,142.13,142.13
b249be1d-16f8-43d8-81e0-1fb79ea8f6e8,5261,2023-06-21,Sweaters,North,1,93.94,93.94
f841a465-e1b7-492a-97c1-fa816104923d,5526,2022-12-19,Tops & Tees,East,4,67.39,269.56
b7bf262e-0157-4c0a-a83d-f76e37513ffa,7180,2023-09-07,Tops & Tees,North,3,180.19,540.5699999999999
331b9c8c-5ff9-4d75-92b9-cea439414063,7369,2024-10-14,Jeans,South,2,98.42,196.84
675403a9-6ae3-48b5-980b-9733cde14669,3465,2021-07-07,Jeans,West,2,42.65,85.3
cc5f5699-8ae6-4420-98fd-b4295efb1f9f,8638,2025-01-09,Accessories,North,3,150.16,450.48
6689ef25-b628-4499-87cd-9131edfa4eb7,7075,2023-12-15,Swim,North,4,116.36,465.44
de1606ff-12f5-4718-ac23-dea0388c9c08,2603,2022-09-13,Footwear,North,4,21.06,84.24
7488d690-65c4-4505-ac70-d47cd87fad73,1240,2021-04-13,Swim,South,2,53.72,107.44
d0e58b4f-c89c-4488-b053-52f8b24cf098,2881,2024-11-14,Tops & Tees,East,5,28.33,141.64999999999998
514568a7-c26a-4544-8844-e9f6b33a028d,1623,2020-08-31,Tops & Tees,East,5,96.26,481.3
6e8c8842-eec4-4ed5-8d1d-ceee8fe86608,7974,2023-07-27,Accessories,West,1,98.99,98.99
293b4474-87fc-4b19-aa3e-a582ac468279,5972,2021-03-22,Suits & Sportswear,East,1,44.56,44.56
04aa4f7a-da2f-4719-940d-735917fba524,1524,2020-11-09,Accessories,South,5,136.18,680.9000000000001
27835105-f814-4c45-913e-f35abb132d1e,7527,2023-03-12,Accessories,East,1,185.99,185.99
1bac47d4-b71e-465a-ab1f-e78acbd2246c,1660,2022-10-06,Jeans,East,4,17.99,71.96
11be7cf5-d04b-4e28-9cc6-c2447dec6694,6510,2022-12-08,Footwear,North,4,139.13,556.52
c97afd22-24bb-48b6-a19f-11cea6d97dcc,3985,2023-01-01,Accessories,North,1,50.96,50.96
b7e36262-7864-4e2b-8d82-e98ebb65c6d8,3543,2022-05-17,Sweaters,South,4,68.22,272.88
7bbdb9ca-ef56-47b8-a521-893886955947,3440,2023-03-25,Swim,West,5,181.21,906.0500000000001
7520db26-6eea-422d-b6c4-e57464be1077,4191,2024-04-09,Footwear,East,1,118.79,118.79
ef3c2206-071f-4089-8856-fe05059ec213,8024,2024-06-03,Jeans,East,1,83.82,83.82
a1389f09-a87a-49ba-80e9-8fc323a8ca04,5327,2023-05-11,Swim,East,2,31.11,62.22
808fae2f-3806-4786-b271-e39e25631747,5772,2024-01-12,Footwear,North,5,108.93,544.6500000000001
a4e88f8a-3f19-456b-9b88-91101fc453cb,4455,2021-02-03,Jeans,South,3,164.77,494.31000000000006
d0ec9628-cbdc-47a9-8240-4669a0169c4b,2526,2024-02-17,Footwear,South,1,17.32,17.32
697a0482-b496-489d-87dd-84cdbf03a67b,5351,2024-07-02,Suits & Sportswear,North,1,16.81,16.81
2dbe8db2-45a5-45fc-83de-eade62f7f499,2704,2025-01-17,Suits & Sportswear,South,5,111.97,559.85
61b5beb6-2034-4614-8bf4-9a086397cbdb,7045,2023-05-18,Suits & Sportswear,East,2,173.54,347.08
a4a4070c-9d48-4535-ad99-bd880619022b,9809,2024-06-05,Accessories,South,5,40.91,204.54999999999998
8165ee48-dc37-4f67-8fed-23d64e45beee,9613,2024-11-16,Jeans,East,1,116.49,116.49
e3bbf57f-8209-4e21-9576-44dc92ae0bf3,9250,2024-05-03,Suits & Sportswear,South,1,197.8,197.8
9beb2fe8-482a-408c-9d05-ff419128ca84,3927,2023-11-15,Footwear,West,4,180.81,723.24
12906a4e-726a-42a5-86f8-99d38eb84252,3579,2022-03-02,Sweaters,South,3,187.56,562.6800000000001
bdb461c9-76b1-4d60-8183-41aff7267c43,9043,2025-07-08,Sweaters,East,1,13.62,13.62
bc6da843-aaba-4823-ab12-bb471ff5f0b7,5521,2024-03-01,Jeans,West,5,84.27,421.34999999999997
83801a41-5e85-41c1-b997-e9af3a34bf6e,7769,2024-10-05,Swim,South,2,16.9,33.8
e0a968e0-7e6d-454d-8980-7aa43ef4f66e,5409,2022-01-30,Suits & Sportswear,East,5,185.83,929.1500000000001
81138cf2-2c89-43fd-a14a-1416d48eb3dc,5485,2021-09-07,Suits & Sportswear,East,4,84.53,338.12
134627c6-d3da-4c23-acd6-49d1754fa4e4,4560,2024-04-23,Suits & Sportswear,North,2,159.14,318.28
729fbc4e-9cf6-4db3-b7b8-a93ea7f4ed81,9174,2021-11-25,Sweaters,South,5,158.08,790.4000000000001
f226ae71-0fe4-4f23-9140-e824f4f747de,3798,2023-05-16,Jeans,West,5,72.53,362.65
cf88d089-c545-4580-ac0d-563c425aa275,2255,2022-05-15,Accessories,East,3,180.44,541.3199999999999
e07a323f-1433-4ea2-9957-a94c0fb80afe,1335,2025-05-07,Suits & Sportswear,North,3,136.73,410.18999999999994
ae504f42-9de3-47a7-a3a7-09168b574751,2414,2024-01-30,Footwear,East,1,106.79,106.79
ca810ac1-e82b-424a-b4f0-780bacb14fe5,5406,2022-11-28,Suits & Sportswear,South,2,53.2,106.4
7756421f-cc48-458f-a629-08d67e4a3625,2660,2022-09-27,Tops & Tees,West,5,70.31,351.55
96cf475f-bdeb-4764-a30b-902b12109611,5907,2024-12-11,Accessories,West,2,104.35,208.7
50280d27-09ae-46a7-b1fe-c15e3ebda745,1558,2025-05-26,Accessories,West,2,154.76,309.52
8b28c16d-7fa9-4d90-854f-3622857c24f7,6193,2022-04-26,Sweaters,East,1,44.18,44.18
d732fbfe-663d-4699-bb8c-0f0141fc3af1,5926,2023-12-02,Suits & Sportswear,West,3,89.82,269.46
35722b50-4ec7-47d4-9bfb-fe5018ca2f4b,4344,2025-02-03,Footwear,West,1,105.35,105.35
3098c2a1-18f3-4554-8490-deb0da45895d,6684,2023-10-06,Accessories,North,4,108.26,433.04
6929fe32-034b-4f35-9f2b-5aa996b8ca41,2886,2021-02-09,Suits & Sportswear,West,2,133.54,267.08
4bc41166-561e-40d7-b454-7d2434d0adb1,7210,2021-11-26,Footwear,North,4,108.47,433.88
48741adb-da39-4b60-9b71-5bd9e30655cb,3514,2022-12-12,Footwear,West,5,151.3,756.5
07a2795b-16f5-41d6-8f47-e339cbe22538,4290,2024-08-22,Suits & Sportswear,South,1,31.76,31.76
dfbd03db-f97e-4206-a852-89780208f516,9230,2024-04-11,Suits & Sportswear,South,1,161.79,161.79
a7ac964c-28ae-41e4-b046-9d7aa45bf4e4,9354,2022-04-24,Accessories,South,3,111.31,333.93
dea3ab8f-14a3-41cd-b43d-cfeda9e8aae7,8335,2024-08-14,Sweaters,South,1,142.7,142.7
38ad27c7-b79f-4bc6-884a-6bbca9d30ead,6196,2023-12-04,Suits & Sportswear,South,2,144.78,289.56
6d16f2c2-4208-4a85-b7f3-6244fc85236c,8889,2022-03-25,Tops & Tees,West,5,63.73,318.65
16cff5c7-c5b2-48f8-be64-c8fa75ec3c78,8702,2021-08-23,Tops & Tees,West,3,94.73,284.19
e77bd1af-5639-49a4-babe-5165589cd4b6,9607,2023-06-20,Footwear,South,5,54.1,270.5
dc7dd760-7341-4d35-adbe-36309e779b77,7233,2022-07-16,Suits & Sportswear,West,2,141.33,282.66
a4bf05a6-0ee3-4de1-a9a8-398676d8f520,6621,2023-11-15,Suits & Sportswear,East,4,149.61,598.44
89707792-afb5-4734-874e-ca2137bddef6,5879,2021-03-10,Jeans,North,3,11.42,34.26
8eb9e623-02ad-4b30-890f-95ab789754f6,9838,2023-10-21,Footwear,North,1,175.98,175.98
723928be-d3b0-4d91-b2a9-89294521c79d,2940,2023-01-25,Accessories,East,2,47.08,94.16
81e5bcc7-c95c-45cb-8874-8c324f860ca7,1414,2020-09-08,Footwear,East,3,194.04,582.12
8d81f46f-f69a-41eb-82d2-22411803d614,3368,2021-06-13,Footwear,West,3,57.65,172.95
33b5816e-4946-41f6-af65-9d64140f4391,6379,2021-02-22,Jeans,North,3,62.85,188.55
220c2bd7-3494-4124-9554-f80b744a4359,9173,2024-03-02,Accessories,East,1,185.96,185.96
90616366-6697-48cf-8b70-cafd4e7d9e82,7642,2024-07-18,Suits & Sportswear,South,4,176.46,705.84
7dc63a7f-b0e6-4c11-940d-3b465479805a,5485,2025-06-22,Jeans,East,1,76.38,76.38
bc863c9d-f82a-4cdf-a84c-e1197580f38f,9417,2022-05-22,Suits & Sportswear,South,4,123.02,492.08
4e1a5034-1c28-41cc-8fb3-8465db03569f,8196,2021-01-15,Swim,West,1,42.99,42.99
5087d10a-0631-4f61-a807-e5a55dff79df,2560,2021-09-04,Footwear,North,3,161.93,485.79
7273f14d-8b3b-4a24-93a7-4ba717c3ad29,9251,2021-12-11,Accessories,South,4,144.32,577.28
a004f783-e2ee-4308-ae8f-78f4f148cc37,9251,2020-12-01,Suits & Sportswear,West,3,191.68,575.04
35a5bd24-cb02-4e84-ad8c-e97018872201,4672,2024-07-29,Accessories,North,5,123.45,617.25
1add8eb9-8da2-4e95-a38c-6fa424ded9e4,4481,2025-07-16,Tops & Tees,East,1,117.86,117.86
7cfb6223-6874-42c5-8299-47189b0c9af8,1678,2024-05-21,Swim,East,1,24.73,24.73
ef15c3d3-b163-4920-9631-fc5979d4f310,6856,2023-09-24,Jeans,West,4,123.91,495.64
977bf5be-4998-4ca5-af87-84c2d53a451f,6057,2022-09-07,Suits & Sportswear,West,5,72.33,361.65
1049f6e2-a150-4d29-a967-a9c8a5d4a7ba,1631,2020-09-23,Footwear,South,1,88.77,88.77
31828569-97c1-4ecc-ae3a-ff2d88e66097,1320,2021-06-12,Tops & Tees,West,2,53.67,107.34
e3c85905-102a-4ef6-ad63-7e59a753a290,7855,2022-12-29,Footwear,North,2,124.84,249.68
fec92398-7106-4e83-a0fc-5b9292e5e875,5515,2022-08-09,Jeans,West,5,61.79,308.95
6d068b7b-ca90-44d1-8b16-bb58f6ac5c90,8772,2025-01-02,Sweaters,North,3,112.26,336.78000000000003
0eb258cd-f0b8-4bce-9a22-a2fb50849ec8,9722,2023-01-16,Jeans,South,4,173.63,694.52
4b7be8ff-b08f-4f8d-a1a4-d1e2774730ac,2443,2023-09-05,Accessories,East,4,90.71,362.84
4196dbad-218b-4291-ad50-eb59be9077ed,1595,2021-12-17,Suits & Sportswear,North,1,183.57,183.57
f4b77b58-4e0d-4ca0-87c9-a2727db8caf7,6014,2023-12-24,Sweaters,West,2,38.43,76.86
07dcea92-3f93-4368-ab71-42ee75b345a0,8201,2022-08-25,Jeans,North,5,163.34,816.7
71859be0-2a4c-4e85-b41c-75ca4c064fce,1850,2023-02-27,Accessories,North,3,139.48,418.43999999999994
a59687db-29cb-45ad-8503-420913b2208a,2128,2022-05-04,Accessories,East,2,110.07,220.14
35172650-d31c-4d78-8b42-51f74c54098d,8714,2023-04-27,Footwear,South,3,137.75,413.25
2b0723f8-e450-41d4-94a3-d108c475542d,1292,2025-08-08,Footwear,North,2,166.39,332.78
05e35a1b-269c-4a29-aed7-de2bc0f19c23,9730,2022-01-11,Footwear,South,1,120.97,120.97
5c2748fb-a4f3-48a5-a128-7e6435cb0d7a,5767,2024-08-21,Suits & Sportswear,South,3,94.61,283.83
965f0bc5-7525-4322-af10-e394e9896ea9,7933,2021-05-03,Suits & Sportswear,East,1,135.37,135.37
0313afbb-d9a3-40fd-b4a0-b285b0dea5b7,8278,2023-02-03,Jeans,West,4,150.06,600.24
e060c62d-f338-4fbd-896e-d429ab9de6b6,3591,2023-01-11,Accessories,West,1,124.39,124.39
f127fed2-ada4-4ec3-aadb-2f73c1eda796,2289,2022-12-30,Suits & Sportswear,North,1,74.03,74.03
c9940ef7-ac13-43a4-8b06-e5d522d9cf8d,6846,2024-10-02,Tops & Tees,South,4,43.92,175.68
29fda871-1e84-49a3-8115-cc4581fc2b42,2621,2021-05-18,Tops & Tees,East,5,49.25,246.25
94dc5ebc-9452-4d85-85d7-5ae0064925ee,5622,2023-10-02,Sweaters,South,2,192.27,384.54
67e93b7f-440c-4aeb-b944-94003232e3e6,9938,2022-11-22,Jeans,South,4,117.47,469.88
be13a4b1-16b5-4fd4-bf11-4e0380dcc5b3,9340,2021-10-25,Tops & Tees,North,3,135.65,406.95000000000005
e0990883-6e96-4b83-a992-12676498b417,9658,2023-09-07,Suits & Sportswear,North,4,107.35,429.4
27de8dca-2b50-41fe-974a-ed19a4c62c40,5700,2022-06-20,Sweaters,North,4,90.47,361.88
ace5b623-131e-4324-811a-80acfffa9c61,1018,2024-03-05,Footwear,West,1,98.83,98.83
0a958ae2-7e88-4622-9ad8-7f5a11c1f0b8,6471,2023-10-07,Jeans,West,4,45.22,180.88
cc8176ff-a72d-4a56-9b07-fe29cf6b7196,4512,2022-11-25,Footwear,North,1,182.5,182.5
44cbd2d1-8846-4bcc-934e-a52b1f54f6fc,5458,2025-04-09,Suits & Sportswear,South,2,176.87,353.74
8529a7c6-4ed5-4eb0-a783-5facee0f4674,7655,2025-08-06,Jeans,South,2,17.01,34.02
59c4f512-bfaa-4afc-956f-c3b02438e1ae,4771,2022-04-16,Tops & Tees,West,4,126.57,506.28
9f7f2c43-5a9f-4e60-abeb-a1ffb476dae7,3279,2021-12-22,Sweaters,East,4,174.18,696.72
4426181a-a846-4563-b218-83719cbee96a,8529,2022-06-28,Suits & Sportswear,South,4,44.99,179.96
5865a1a7-e59e-4a2f-b6b2-62bece7c6832,6355,2025-01-21,Tops & Tees,West,2,160.01,320.02
bbf18a62-178e-49d3-b9df-27c535438814,9087,2023-09-08,Jeans,East,1,110.02,110.02
ac92e35b-e8f8-436c-8e91-9a9278cfd5b7,3883,2022-02-08,Jeans,East,5,184.19,920.95
b9bad673-239e-4994-874f-ebbc4de0f62c,3964,2023-11-04,Sweaters,West,2,29.62,59.24
8cb41dfe-f081-4727-a95d-7483067dc98f,4044,2023-08-21,Swim,North,4,30.99,123.96
3684e941-670d-468a-ad6e-d76ef2f88741,3140,2022-05-21,Swim,West,5,157.85,789.25
92c516b3-641c-413c-b58e-777dbd0ee3d6,9587,2021-02-21,Suits & Sportswear,East,2,10.67,21.34
f0b3e756-1251-4ac0-b4e9-7efbc76afe7d,7116,2023-07-24,Sweaters,North,3,63.91,191.73
fed90bbb-8f55-4e9c-bb40-5f79689e995c,4556,2023-07-19,Jeans,West,2,34.33,68.66
7e8d8183-7a15-4200-92f3-d42da6592195,5064,2025-05-23,Footwear,West,5,40.88,204.4
e858f63b-185f-40aa-87bf-7760f9f623ee,2455,2024-05-16,Suits & Sportswear,North,4,24.49,97.96
549d3d78-5836-429b-9853-d4b3059c29d0,5808,2024-12-19,Sweaters,South,5,103.03,515.15
550736f0-a125-40ef-9c7f-207c10765fc9,2565,2025-06-09,Accessories,North,3,10.5,31.5
9a810132-6499-4c77-a665-4187ae28a9cb,8157,2024-05-19,Suits & Sportswear,West,3,17.2,51.599999999999994
2cf2d8d5-6799-44d3-b1c8-101af8426eb2,4802,2021-03-29,Swim,East,5,50.28,251.4
198507a6-d8f8-4d4f-9bfd-19c583595427,1944,2020-09-14,Tops & Tees,North,5,166.29,831.4499999999999
156a580a-00d5-4477-9cae-0a30909d1118,5160,2022-12-10,Accessories,East,5,84.2,421.0
3c0e2cd0-2c66-4357-be59-9aa8cde2c2a5,9459,2022-08-16,Jeans,North,4,80.12,320.48
42fdf012-6b9a-401d-b36d-5cc60cf3fba6,4961,2021-03-15,Swim,East,4,165.9,663.6
31ab2563-0da2-40ce-9a89-5bd68e7b3cb9,4045,2023-12-14,Tops & Tees,West,1,137.7,137.7
394eb5fd-f21f-4e33-942e-1b32b7072cb6,8472,2025-01-22,Sweaters,West,4,191.96,767.84
75ed6aee-c2bd-4c6e-ad65-34e72a13588d,3484,2023-08-07,Accessories,North,1,173.93,173.93
bc2c7787-9c76-42f8-ae11-1164a94481cb,7646,2020-09-07,Swim,West,4,43.7,174.8
8c85d2ae-f93c-44c8-85af-6aa0424607f5,5399,2021-04-16,Swim,South,2,57.33,114.66
8794d855-575d-4305-8fd1-55129a8adbe2,2643,2023-10-01,Sweaters,East,2,27.03,54.06
ac7b1149-0555-4acc-8ec5-11bc408fceb7,6135,2021-04-30,Jeans,South,2,190.24,380.48
5dc28bb9-809d-42d2-91f2-9b3d87ac833a,1308,2022-06-24,Accessories,West,1,105.31,105.31
e686b95b-92a5-4e1e-b50f-03dbbad9774d,1537,2020-12-16,Accessories,East,1,92.8,92.8
c3da5a2b-48c8-4469-a60f-994d1b4253cf,3146,2021-11-07,Swim,East,3,199.79,599.37
f44b377d-2546-4af1-97a0-9188198025aa,3465,2025-05-10,Jeans,North,4,19.45,77.8
48033ef4-f4b7-469e-9c36-bff52b47dafb,1377,2024-10-05,Accessories,North,5,83.07,415.34999999999997
610e430d-f3cd-435e-bb6b-ecd4c565dd41,3899,2025-08-01,Accessories,North,3,162.74,488.22
ef22e062-262e-4ca5-82c3-92b80b0d583d,1042,2023-01-14,Suits & Sportswear,North,2,68.1,136.2
a2aa3a00-b026-497c-908f-1212ea085a58,3977,2020-12-15,Suits & Sportswear,North,4,112.26,449.04
11fe40f0-c213-4af5-b491-2f1fa6aa2e9f,3366,2022-06-30,Sweaters,North,1,179.15,179.15
8488637b-67a4-4a5c-9242-5d5d9e42509a,6597,2021-07-01,Sweaters,South,4,115.46,461.84
dce4eb77-1ddc-427f-814e-d2641c194624,5039,2023-11-05,Tops & Tees,East,5,153.44,767.2
c4df3710-7e44-47a7-9c6b-0a30bf78a829,3249,2025-08-25,Accessories,East,1,126.52,126.52
b3ddc594-881c-46ab-ae9a-1323adca281f,3606,2023-01-30,Suits & Sportswear,West,3,66.76,200.28000000000003
82d7039a-c2a2-4bbd-a28a-70070eee3c39,9316,2024-04-13,Swim,West,4,86.7,346.8
46f4a10e-0f93-4113-88aa-f578bb5a17ab,1991,2021-10-29,Tops & Tees,West,4,149.72,598.88
9bee9b94-9291-429a-8914-2c17e50b2a9b,8659,2024-11-13,Footwear,North,4,97.66,390.64
40f6416e-6851-422b-8b14-65b5be9979c6,2193,2021-11-17,Accessories,North,1,166.0,166.0
39f82ede-c877-4870-8d4b-081c5bf0c97e,3823,2024-07-19,Tops & Tees,North,3,58.71,176.13
86755e15-56e5-4c08-ad13-dd8093bc24a8,1348,2021-07-31,Tops & Tees,South,1,52.49,52.49
da46485a-3285-483a-a7c3-eb3ddd548623,5748,2021-08-24,Footwear,South,1,122.58,122.58
8d06e625-166e-453b-b2c3-0f2c1d06c75b,6211,2023-08-13,Footwear,West,4,53.39,213.56
f9e475c2-04c9-40ef-a9b4-210b94b68448,1669,2021-01-03,Sweaters,South,2,144.87,289.74
e945abaf-5520-4981-b967-fb8d6683e1b3,7971,2025-08-23,Suits & Sportswear,South,3,98.51,295.53000000000003
a867bce1-298b-4613-bc0f-135bdb211b7d,4294,2022-08-01,Suits & Sportswear,East,4,80.43,321.72
941f61b8-d554-402b-8019-f6adde9f1986,6377,2024-03-21,Accessories,North,4,125.74,502.96
ebbf5be8-b3d8-40d2-8ca6-031384ff19f0,3143,2022-11-09,Jeans,East,1,33.71,33.71
0d532d4e-d045-4ce9-a2d5-cb167f2138f9,3460,2023-07-08,Jeans,East,4,108.9,435.6
c925db54-3fa0-4b03-a08b-00dea3fe909a,2081,2023-12-15,Accessories,South,4,96.28,385.12
9576f558-14a8-49a2-b58a-9d9eff6d586d,3294,2024-03-04,Swim,East,4,173.04,692.16
800a9247-785e-422a-982d-076c0aedb58e,5003,2023-04-25,Footwear,East,2,47.51,95.02
5b74e148-9646-4719-957d-7eccdae525c4,1095,2022-11-13,Tops & Tees,South,4,175.11,700.44
76d7c497-7a15-4f2c-953d-ad3abbcc614f,6350,2021-01-16,Accessories,East,4,49.91,199.64
53ed87d9-62e1-449e-a849-9742fb0ecedc,2838,2024-01-06,Jeans,North,2,169.7,339.4
249e16b7-ee15-450a-a992-11dd1679a5de,9228,2022-10-20,Accessories,East,5,189.34,946.7
770b458c-9221-41d8-9867-9bee1a9056f5,4636,2025-08-29,Sweaters,South,2,111.19,222.38
1552fa0d-6e4c-43db-a334-1caf8ed5c5d1,8268,2024-01-28,Suits & Sportswear,North,3,120.65,361.95000000000005
e996ba45-296d-471c-8f9d-4f9f93b8d107,2811,2022-04-12,Sweaters,East,4,38.39,153.56
4a6f5a61-b0d3-4a38-8dd5-3c81a5c57b3c,9985,2023-05-14,Accessories,West,1,17.47,17.47
0abbed49-e8cc-4708-8c3a-6e9d031b8949,4383,2025-06-04,Footwear,North,5,74.95,374.75
3b3dbf32-0b96-4f1f-bafb-fe5d65341213,5024,2024-02-11,Accessories,West,4,150.33,601.32
d54a629b-ad70-403a-9048-8b8a99edf521,9410,2023-10-01,Suits & Sportswear,North,3,107.06,321.18
c05533b5-8d78-4bf4-83ec-e8fb06662300,4864,2025-07-07,Sweaters,East,1,35.14,35.14
29923572-2402-479b-bca4-d5389b0f3991,6905,2023-11-06,Jeans,West,5,109.35,546.75
9ef7332f-1aef-4e30-ab61-18c2d422f42d,2810,2024-05-14,Tops & Tees,West,4,134.63,538.52
87bce9b6-acf1-4185-b663-04addd55584b,5357,2021-07-20,Accessories,South,5,23.81,119.05
b3ad1dba-ac02-44bb-b08c-939d891a8057,7775,2024-11-25,Footwear,East,5,84.21,421.04999999999995
fa36f47f-0451-48bb-b23c-0fb4642b944f,6132,2021-05-25,Footwear,North,1,68.97,68.97
56d81896-b1b0-4614-93c5-22cc85556389,3394,2021-06-15,Sweaters,West,4,141.58,566.32
7e4824e9-f7e0-410c-8cb3-a123eada8478,2014,2025-07-06,Accessories,North,3,62.74,188.22
fb6b5803-bffa-4981-8d40-e78adc528f1e,9384,2024-11-20,Suits & Sportswear,South,3,39.15,117.44999999999999
8976680f-a059-4028-925f-aba26ac8071b,9334,2023-05-24,Swim,West,5,141.66,708.3
3213bcb1-5eed-42bb-8d93-36651b282b63,1819,2024-09-10,Sweaters,North,5,44.2,221.0
7f23cf52-4100-40ca-b81b-56948bd05beb,1931,2023-12-11,Sweaters,North,1,160.1,160.1
8b262fed-dede-4bb8-bb21-ef68586f0ec6,8416,2024-10-25,Tops & Tees,South,2,113.51,227.02
eeca9d7e-d068-4952-ae3b-0826e87322a2,5777,2022-07-01,Tops & Tees,North,5,106.37,531.85
798158bf-577c-4c87-a210-9b6e17e439f1,8632,2023-03-26,Tops & Tees,East,3,199.75,599.25
778db3d6-83ed-4324-b79e-5164b9aaf702,1681,2023-02-15,Swim,South,4,79.36,317.44
992b1e64-ec8e-4c34-9f80-1932087ec9a5,6487,2024-03-02,Swim,East,5,78.07,390.34999999999997
0605c873-52c1-4a7f-9e5b-afa25974b497,2887,2023-08-23,Swim,North,2,10.06,20.12
5d06b99a-00d2-438c-a9ae-684664b7f8b3,3854,2024-10-23,Sweaters,East,1,135.02,135.02
36f03d28-1e74-405f-b73e-b8250723de9e,3809,2021-02-24,Suits & Sportswear,East,3,184.58,553.74
4057d15b-1855-41a0-aa4c-a97a5f8566a8,5503,2022-11-21,Suits & Sportswear,East,2,143.48,286.96
aec700c7-8b13-4efd-b74f-6b63b33cceab,6403,2025-02-25,Suits & Sportswear,North,1,191.37,191.37
4432179a-d7e7-4d4a-9155-b8a112437105,5257,2023-02-26,Suits & Sportswear,East,1,67.98,67.98
633d0659-1697-4b25-ae65-89e032fb03b2,6648,2025-07-05,Jeans,West,3,152.55,457.65000000000003
eb0d6dfe-0106-491f-b47a-16b395f571f6,1777,2022-05-17,Sweaters,East,2,55.08,110.16
58db0321-03dd-4c23-874b-96c387749588,9464,2024-05-30,Swim,North,2,192.64,385.28
eff5cd70-b4d2-45f3-ac50-9038ec8b6b2b,3276,2020-11-14,Jeans,South,5,36.48,182.39999999999998
05b15adb-2bfb-477c-aebc-3920ae694d10,6865,2023-03-06,Swim,West,3,31.31,93.92999999999999
883c335f-dbd4-4460-95df-6867f2e5a8c1,3205,2023-09-21,Suits & Sportswear,East,3,18.02,54.06
7798b01b-818e-4cdb-8302-56adcdc8debf,7282,2024-04-14,Suits & Sportswear,North,1,195.84,195.84
f3af1ffa-9f7b-49dc-b0c2-6f04c069f7eb,6074,2023-02-06,Jeans,East,5,108.41,542.05
c905cab1-eb04-4342-9bb2-e406575bfdb0,3464,2021-12-14,Suits & Sportswear,South,4,131.59,526.36
835179d9-495c-4c7a-8213-0e92b250c623,9564,2022-08-08,Tops & Tees,North,5,11.5,57.5
ab79908d-c396-4021-9ae0-0dafc6b4c609,7769,2024-05-07,Accessories,West,3,73.1,219.29999999999998
092292eb-5dbf-43dc-bd3e-212c721da37b,7042,2023-11-13,Sweaters,West,3,66.96,200.88
54555d5d-6f08-4849-836e-fd3b83618dae,7302,2021-12-29,Sweaters,East,3,29.28,87.84
b24daa7b-eae7-4010-9dab-eaeb848a8892,2458,2021-04-14,Swim,East,5,175.4,877.0
4d5214c8-5f8b-4164-a3d0-896d8706d149,3205,2021-06-11,Suits & Sportswear,East,1,33.53,33.53
2f9ef8ad-3d4a-4b70-a41a-92ee292ae8dd,5883,2025-04-22,Suits & Sportswear,North,1,159.87,159.87
076081a7-ff39-4dab-bff7-80d61670eb8d,4761,2021-06-30,Footwear,East,4,111.69,446.76
7655f25d-1359-4e88-9489-a86a0a31014a,6530,2023-02-24,Swim,West,2,79.8,159.6
8c558559-2f8c-47c2-9229-92c7212e2c38,9268,2020-12-06,Tops & Tees,East,2,150.43,300.86
4e04d52a-5591-4b5a-82b2-539b0450d6eb,5680,2023-04-13,Footwear,South,5,11.23,56.150000000000006
0a61729e-8fb6-4865-b198-3b78940591d2,8693,2025-01-24,Accessories,South,5,120.83,604.15
1efb6503-0ae1-490d-a36d-c4fe13794a1b,5816,2022-10-24,Sweaters,East,1,28.36,28.36
136496b9-8a78-4fe5-9d50-d354b7de2f68,7257,2024-12-14,Accessories,West,2,21.61,43.22
e1466e07-2e67-489b-b738-8ff3eae7fbc7,6232,2024-07-20,Footwear,South,5,105.34,526.7
4238a3a2-f1f7-44b3-a4b8-451132d6bd36,2097,2024-11-26,Sweaters,North,3,101.1,303.29999999999995
6f8673c3-b560-4bfb-b389-08964c0b02ca,8460,2023-11-06,Suits & Sportswear,West,1,11.66,11.66
63718a01-cafc-4cf1-965d-e249291af6fb,7776,2025-04-25,Jeans,North,5,58.26,291.3
a47994d8-ecaa-4afb-9a3d-677998a07183,9537,2021-05-25,Accessories,North,5,141.52,707.6
e94c658c-0eeb-4f87-80f1-ec5fc261a367,5038,2025-08-29,Swim,West,4,151.37,605.48
85305576-139d-467f-b5a4-c499c87079ab,9483,2023-04-05,Swim,East,1,42.85,42.85
bfb1a9a4-d15f-4d54-8374-e9f23498a707,9627,2021-04-17,Tops & Tees,East,4,58.98,235.92
c746cf3b-0966-43d7-bb2f-4c7efe552183,1265,2023-04-18,Swim,South,5,186.73,933.65
75983ce4-f537-421e-b73d-2de03e76ccd2,1809,2024-03-11,Tops & Tees,South,2,58.95,117.9
2bcc592b-ebae-40b9-9d77-93e256f9f1a9,1463,2021-11-06,Footwear,North,1,99.85,99.85
0527aae0-a64e-4261-819f-d0a29358534b,5557,2022-05-12,Sweaters,North,2,73.41,146.82
0b3669d1-afe7-4289-aa7b-aa75db175bf3,1632,2022-04-03,Accessories,East,5,193.48,967.4
b32c1718-cc6f-4d90-bb88-fbf7a50278e8,9100,2021-06-24,Tops & Tees,North,1,126.92,126.92
e701b32e-188c-4323-bdf4-3fd2a145ab32,6630,2025-03-05,Jeans,East,2,185.2,370.4
f5331d83-8dd6-4c68-8950-da2d675441ff,6935,2024-07-18,Tops & Tees,West,5,19.82,99.1
f0342679-1bc1-410f-a523-5fbb49a92ede,6066,2021-10-26,Swim,East,5,195.15,975.75
7a572714-66a7-45f6-a135-cf80133154e9,6363,2021-09-01,Swim,North,5,67.02,335.09999999999997
0fc05f9c-10df-4400-94af-3da383bdacd1,1725,2022-02-03,Swim,East,2,48.25,96.5
baf056ef-c35a-44f6-bac7-e238e3c2ef14,5017,2023-01-05,Swim,South,1,140.14,140.14
e4d3b899-690b-4986-8fb7-6183f63dc5b0,8831,2024-08-31,Accessories,North,3,47.99,143.97
97af5795-3ab9-4475-93ec-d5f70afbc5c9,3713,2022-05-27,Footwear,East,1,199.74,199.74
1b97c577-35b1-4337-b6d6-eb6fd3ac134f,9878,2023-06-16,Suits & Sportswear,South,2,147.45,294.9
a2d29f0d-3331-4fa0-93e6-61734e0c8ecf,5547,2025-06-25,Accessories,South,4,167.82,671.28
07b87a74-8b44-42dd-825a-f2cf994bf9c0,8971,2024-08-07,Jeans,East,3,50.8,152.39999999999998
e006bcef-dfd6-43f0-a141-c5266b5f3633,3784,2022-06-25,Swim,East,2,108.45,216.9
01db512a-fe13-45b5-b568-c8ac90645ce0,2502,2022-03-06,Swim,East,3,33.6,100.80000000000001
ff06391d-e917-4f49-979e-a29b89c4fe4c,5540,2024-07-08,Jeans,East,2,71.85,143.7
a9e0fd36-713b-4815-a9aa-95fd4a8565ae,7635,2024-04-29,Jeans,West,2,164.59,329.18
d189bef3-6bd3-48d8-898f-8318d5fd014d,8297,2022-11-23,Suits & Sportswear,South,2,79.18,158.36
85b29f27-4a8b-4d36-ab01-5f6f210813a0,8207,2023-11-16,Accessories,East,3,83.0,249.0
9d5f4e9d-1d37-41b9-81e4-2e0c7ce8bdfe,3064,2021-06-09,Footwear,South,4,113.84,455.36
325aae91-6f9b-438b-85ab-b583f2ef3f63,4440,2020-09-11,Tops & Tees,East,5,45.61,228.05
c19e7d31-51f2-4344-8fe8-2917b95c77b0,6128,2021-07-02,Sweaters,South,3,183.05,549.1500000000001
1ba2477c-a2c9-48fb-a7d8-f75f9a028300,1367,2024-09-10,Suits & Sportswear,North,3,155.99,467.97
18b5b478-64ac-47f6-8249-14de55179339,1657,2025-02-19,Tops & Tees,West,4,133.56,534.24
fbd09e4c-d5ae-40bc-9c4d-bf4adc335992,9415,2022-12-11,Swim,South,5,85.77,428.84999999999997
f917afae-d2b7-4217-b516-5c0798260474,8501,2024-08-31,Suits & Sportswear,East,4,53.54,214.16
a60040e4-f8ff-4b88-b40c-2831199c0089,2297,2022-08-08,Sweaters,South,5,34.14,170.7
c44215f2-ddac-4d78-add9-8880407b8b58,2749,2022-10-20,Footwear,North,5,115.2,576.0
38ff844d-aaaf-4d3f-adcd-12964ee6e950,9574,2023-06-20,Jeans,South,2,141.05,282.1
295d9094-1506-42ba-b43e-cd0c898dadce,2820,2022-04-13,Accessories,South,3,92.44,277.32
ec82e4a7-b837-4edf-b0ca-13afe81627c4,7643,2021-03-13,Suits & Sportswear,North,2,49.45,98.9
24f02200-c630-4c41-bcee-93dd1f26322a,5355,2025-03-02,Tops & Tees,West,3,164.22,492.65999999999997
77cb79fd-35f0-4df0-a06a-555d206ad1d5,2153,2022-12-26,Sweaters,North,3,93.06,279.18
8e228975-ac55-41dc-8132-376a2e6c0325,3061,2024-05-27,Suits & Sportswear,South,5,97.76,488.8
40d0a032-5aee-45a0-ab66-f48e9d554f77,1452,2021-03-27,Tops & Tees,North,3,92.52,277.56
9aad0bc2-cb32-4a09-92bb-09246f2e4b72,7641,2024-12-15,Jeans,East,2,155.02,310.04
df96a555-840f-4efa-94ae-b38178ba7338,1949,2023-10-05,Suits & Sportswear,West,2,30.9,61.8
343fc523-96e3-42a6-afeb-246af8d875b8,7488,2025-03-26,Swim,North,2,148.24,296.48
e65b9695-8573-47ed-ae96-a0f94dda4377,9758,2024-05-06,Suits & Sportswear,South,3,46.49,139.47
f770f3ba-8cfa-493c-ab2d-bb1969d63600,4615,2021-12-14,Tops & Tees,South,1,44.03,44.03
b8947310-e13b-4f0f-9a34-81b259a94156,3431,2024-01-01,Jeans,West,2,106.18,212.36
fccd6f60-b206-4806-af4b-b006b3382b10,3306,2023-04-09,Tops & Tees,North,1,24.19,24.19
a093188a-1005-45d1-ade9-61209adc9fdb,3430,2025-08-12,Sweaters,East,5,160.98,804.9
4614c15e-1296-447c-9c54-0c8fbb018a0d,3539,2021-12-30,Tops & Tees,North,2,115.12,230.24
e4773158-5bc2-43a3-b44e-1a8b7b902c38,9421,2021-12-11,Jeans,West,3,15.25,45.75
18a2c8cf-6428-465a-9f95-1fc1c16b8455,4339,2023-12-08,Sweaters,West,3,198.22,594.66
4ccecf20-23d9-44e3-afb8-ac788fd73746,5445,2021-01-27,Sweaters,North,5,115.38,576.9
aa4e963c-ee6e-402b-8204-83f3873d68a3,3280,2022-03-01,Sweaters,West,4,109.64,438.56
34faa4f7-7f96-4891-a53d-9ace4a3415f4,4431,2025-05-03,Swim,West,3,47.06,141.18
17efefda-005d-43b3-aea9-bc409b6d380d,7174,2023-01-20,Swim,East,2,197.55,395.1
147a95f1-bc80-44fd-a19b-04f112f17684,1720,2024-01-04,Sweaters,South,1,192.4,192.4
c7bca8c7-6221-4e8c-b018-b60656abdd69,2459,2025-06-28,Footwear,North,2,27.55,55.1
fe19d25a-abde-404f-9ac3-5e960f10d866,3987,2023-08-28,Sweaters,West,1,144.5,144.5
be2a5ae0-745b-446d-aa9d-6b4005e3b753,4910,2020-09-20,Footwear,East,1,124.49,124.49
dabcd943-7ea9-4ad2-ae79-5b06530370be,9478,2021-12-18,Jeans,East,4,29.45,117.8
ba768aee-4eba-417d-b6fa-1f428ed693fd,9598,2022-02-03,Suits & Sportswear,South,4,191.84,767.36
d288f1e8-62eb-4f1c-a6fb-a3059b60e3ea,3629,2021-03-05,Sweaters,South,2,170.35,340.7
b7f43308-8742-4bc6-8d73-e63379d2f0a7,2605,2023-08-17,Jeans,East,1,122.35,122.35
08f3384e-42dd-4025-9f85-6fec82afe062,5241,2025-02-24,Suits & Sportswear,South,5,66.98,334.90000000000003
60358ed8-eca6-41ca-8b8c-3bee95882b76,9020,2025-07-27,Sweaters,South,5,146.42,732.0999999999999
66ad6e53-a164-44c6-8e6d-3d7cc7da2f08,9334,2021-12-28,Suits & Sportswear,West,1,177.53,177.53
d959a309-60a8-4802-af85-829cd85b6c85,2691,2024-06-29,Suits & Sportswear,East,4,21.81,87.24
d9bd4022-068b-435b-b1ac-4cab90a2c6c7,5516,2022-01-19,Accessories,East,2,26.29,52.58
c0b72702-9ce1-49c7-a0fe-aab7f55474ae,3434,2022-04-13,Suits & Sportswear,East,5,105.8,529.0
f305d1f4-c798-443b-b7b0-9d6e7ea3115a,2546,2021-12-11,Footwear,West,3,133.6,400.79999999999995
b3a75b69-9c36-4263-8cea-9269180d6fcf,4126,2024-07-28,Accessories,South,5,67.99,339.95
cac6ae4a-5d7f-4eb8-b779-db076e7aa28e,4161,2024-04-11,Suits & Sportswear,South,2,126.26,252.52
fcf0493b-30a3-4106-b4eb-e83817504337,1736,2021-05-27,Footwear,West,3,60.13,180.39000000000001
525ba910-348d-4758-96df-832f7a53109a,7945,2023-12-01,Sweaters,West,4,83.66,334.64
7137ca22-da3e-49cd-8c7e-8ec7ac9d083d,6194,2021-03-04,Tops & Tees,North,3,109.01,327.03000000000003
b6a10548-a2f7-46c6-a0d0-3ed257d996ca,1550,2025-07-07,Sweaters,North,2,42.87,85.74
edc1e16c-aec4-4699-973d-56c4ddd56ba8,3077,2024-10-20,Swim,East,3,24.81,74.42999999999999
8888fee2-636d-4c9e-8148-60de2576b21f,1054,2022-02-07,Suits & Sportswear,South,4,53.84,215.36
2a3f786c-8383-48e8-9996-cae767152793,3304,2022-06-28,Sweaters,North,5,183.97,919.85
2737a438-9d84-45fb-aca2-5d183d2832f6,9461,2023-01-18,Jeans,East,1,63.05,63.05
1b73efb7-095f-4907-93a2-87f51937d866,1210,2022-07-03,Suits & Sportswear,North,3,165.7,497.09999999999997
22180b1a-3581-4819-8252-bb6f5e3b421f,6342,2021-06-23,Accessories,West,5,104.19,520.95
590d62ae-fef7-4030-ba79-29cb6052603a,8010,2023-11-27,Jeans,West,3,54.46,163.38
7bdb264f-595b-4a5a-b200-6831fd1079a4,7800,2022-06-23,Suits & Sportswear,North,3,153.6,460.79999999999995
fc8334d0-7400-495d-b1e7-d6495906ca7e,4587,2021-07-25,Jeans,North,1,118.71,118.71
5e4abe89-6672-4439-bbef-2cb10badf4bb,4432,2025-05-01,Sweaters,East,3,84.33,252.99
59d04137-5641-4960-ae2e-2afdbe888e3a,6769,2022-04-29,Sweaters,East,4,82.25,329.0
d74b068d-f155-47ab-8538-608133255053,5031,2021-04-24,Accessories,West,4,189.91,759.64
aab6bbab-137e-463a-a40a-8a9e70ffbe3b,2951,2021-04-22,Accessories,East,4,113.57,454.28
465c85bc-1f59-413d-91e9-4f42b6eb6df5,5174,2023-07-27,Footwear,East,5,11.81,59.050000000000004
950d8b82-9702-4fb1-9a52-fd26df2eeecb,8580,2023-02-04,Jeans,South,3,90.51,271.53000000000003
f7643c35-0124-4a55-a9f0-7a3d6da945f5,2643,2021-01-13,Jeans,North,2,83.84,167.68
5ce30968-1a7d-4236-a8e6-9c738b8680ac,9754,2023-04-16,Suits & Sportswear,East,5,35.94,179.7
51cf11cb-387f-4782-905e-ae2338831236,2567,2025-06-19,Tops & Tees,East,3,63.96,191.88
7431a52c-b2a9-4f0a-a951-14dd9dd815e7,3095,2020-11-12,Jeans,West,2,32.96,65.92
a099161c-9bd7-4c2a-aa5c-ab6ba80c846e,5757,2023-08-13,Jeans,South,4,11.88,47.52
a6cc00d1-445b-4cfe-82d1-6143ebc3d490,5600,2021-05-06,Jeans,West,1,187.68,187.68
f6994cc2-53cc-40cb-8e7f-71b21e73eb82,7596,2023-05-17,Accessories,West,3,20.0,60.0
d22f3b68-1fcd-4b5b-ac29-db08f298291d,9687,2021-02-17,Accessories,East,3,12.89,38.67
8530a05c-0f39-4c04-a352-cc4c5c77bc04,9432,2024-08-19,Suits & Sportswear,West,2,97.31,194.62
4917d390-aae6-4a53-9ba5-06abd110c665,4645,2021-11-01,Sweaters,East,2,143.33,286.66
3d238c32-b72d-4488-85f9-09dca3fc7ec4,2805,2022-09-13,Accessories,South,3,154.85,464.54999999999995
bb0c7e52-70f0-450b-af2c-529782d565ab,9885,2023-09-01,Jeans,West,2,144.63,289.26
d43729de-e2f9-4d75-a5b3-f16cede299ae,8006,2024-02-10,Footwear,West,1,179.71,179.71
fa4e6b2c-d453-4a5b-adfd-7e4955fd9902,4522,2021-09-26,Tops & Tees,East,3,88.04,264.12
ede28e81-f816-49e7-afc4-9bedf2231524,5882,2022-12-16,Swim,East,4,20.58,82.32
965eda3a-5fb0-4652-ac96-a21e6f43c733,9668,2024-07-30,Accessories,West,4,59.88,239.52
c5ac3b22-ab7e-4c2c-8676-b1576bb7441e,3006,2024-02-01,Accessories,West,2,156.82,313.64
eea19fad-e2ca-4729-8720-868eb94a7688,6929,2021-12-13,Footwear,South,2,25.89,51.78
8e446e05-6252-45a9-96a0-e090c1370942,7173,2024-07-23,Suits & Sportswear,South,3,170.88,512.64
653d80e4-018a-44cf-acb5-b349f5deb18c,9235,2024-10-13,Tops & Tees,West,5,191.42,957.0999999999999
b3494384-b76a-42e2-a9f9-32cf39ddb6d1,6907,2021-12-23,Accessories,South,4,14.3,57.2
55862a21-9701-4a73-83c6-1337783524f9,9418,2023-05-03,Footwear,East,1,107.67,107.67
87c9dbc0-7604-4913-a654-de8a53c290d3,9294,2024-11-24,Footwear,South,5,59.27,296.35
56d08900-6c7d-4bb1-92c2-8cddbc392f4d,3179,2024-01-24,Sweaters,West,5,72.5,362.5
e33a9c50-bc94-407b-ae9d-5ef417b63a49,5584,2022-10-29,Jeans,South,4,15.37,61.48
4898f71f-0a1a-4f25-b5a6-2504a54cc50a,8737,2023-01-21,Sweaters,West,2,28.18,56.36
26a115ea-3c5e-4217-924c-d171a0b77259,6818,2021-06-10,Suits & Sportswear,North,2,81.54,163.08
8e33f3f2-7b79-4cc5-b425-8e25ecba08c1,4908,2024-05-28,Suits & Sportswear,South,1,56.18,56.18
71f14414-c08a-41d0-b937-3943bb91445e,4151,2021-01-31,Swim,East,1,186.47,186.47
1a8d0e9b-a12b-409c-a362-f42b2231feaa,9353,2023-12-08,Footwear,East,1,161.69,161.69
15eadb96-a721-42f8-85ed-10a7c497677d,8385,2025-06-15,Swim,South,4,79.98,319.92
de671898-2b4b-46a4-b9ce-4bf03b05f1cd,2898,2024-03-28,Jeans,North,3,25.72,77.16
baad3e57-30e5-4298-8639-93200d92002a,2376,2024-09-15,Swim,East,2,40.66,81.32
989c2d87-bf29-487c-a8e7-f58bcce2d0e5,8008,2025-01-20,Suits & Sportswear,South,2,190.84,381.68
d1a40fa3-4468-48c7-b314-302af6f18a94,9377,2023-10-28,Suits & Sportswear,North,3,162.99,488.97
69cdfb14-48b1-434c-bd13-f877e4b5347d,2978,2023-02-05,Accessories,North,4,35.39,141.56
b6959696-e4c9-4d6c-aea3-7ecdc8599ed3,1893,2023-10-05,Tops & Tees,North,4,126.92,507.68
cd615c7c-4209-4b1a-9681-9d11739b2a81,4039,2021-06-20,Tops & Tees,West,1,29.92,29.92
1e727bf2-0ad3-4491-bfee-0a35cdb3ffbf,5460,2023-12-30,Jeans,South,3,139.62,418.86
53a9d654-1ebd-4685-96b8-2db35285beb6,7718,2021-04-03,Sweaters,East,3,56.49,169.47
b1887c13-e1d9-462f-9bb9-1c943addb651,9752,2021-04-08,Swim,South,4,18.53,74.12
c7d3dd49-9239-4628-bd68-94a5c8677af2,3097,2024-12-23,Footwear,South,2,117.74,235.48
6d7093e7-ca8e-4ae2-8fca-643e78ef0470,1356,2024-06-06,Suits & Sportswear,South,1,15.76,15.76
809220b7-0c84-4f5d-a02c-04f7a0a22a00,1246,2022-10-09,Sweaters,East,4,198.56,794.24
332f5796-a775-4c32-bc8d-022fd18e6fb0,2684,2022-03-18,Accessories,East,3,89.37,268.11
fb8bef59-58e8-4cb0-ad23-4d45d64e2efb,5511,2024-09-11,Jeans,East,5,140.09,700.45
36cbdc59-4ed1-440b-b108-5ccf79151a71,9650,2020-12-10,Swim,North,4,32.73,130.92
dbdad790-fda2-48c2-ac5a-c397222101fc,4267,2023-11-07,Swim,South,5,107.18,535.9000000000001
0478fb4f-c59a-48a9-850c-5b663f7db9cf,4348,2023-09-24,Swim,East,1,103.64,103.64
238576fb-bbe6-40c5-bcf0-7a623aee3a34,3155,2023-02-28,Sweaters,North,4,193.06,772.24
ec8e8e5b-502f-4ad5-b339-597bf6ce5a61,3623,2023-07-10,Tops & Tees,West,2,83.85,167.7
813d9dd9-1462-448d-ad8e-f80ab4262fa9,9429,2024-08-25,Accessories,South,5,114.89,574.45
94dacdfd-634a-4baf-ab45-d23fe5317a9f,1688,2024-04-26,Suits & Sportswear,East,3,26.32,78.96000000000001
54bcaeb6-fcc4-45ba-87bb-68502f538081,9268,2022-07-21,Jeans,North,3,15.49,46.47
c7b37230-2808-4fcd-8401-9f1d805b7608,2435,2025-02-08,Swim,East,5,187.25,936.25
0df22cda-00d7-4545-a80d-8eb641b730e3,9680,2024-08-09,Swim,East,3,28.25,84.75
f7633d77-1cbd-4af0-9520-07fbcef1e76f,6399,2021-02-07,Sweaters,West,3,32.77,98.31
27d3f732-5cda-4ec4-abe8-43c77b4d9a52,4135,2021-03-06,Suits & Sportswear,North,4,27.0,108.0
bc4d3d94-9293-456f-8c0e-12bf0789835d,6113,2022-11-01,Swim,North,5,56.85,284.25
9a3433d3-81c5-477b-aedf-76ef403eaa33,9603,2023-05-05,Swim,East,1,188.58,188.58
521e66b6-8d4e-44c1-87a2-24772caf6460,7223,2021-06-07,Suits & Sportswear,West,4,42.69,170.76
3f7165e3-6e17-4eaf-b03f-7d57976c089b,6338,2023-04-04,Swim,East,3,94.55,283.65
a91f0700-93b3-4db2-ba73-f17e1a2822e4,3031,2021-12-31,Footwear,North,5,181.56,907.8
5050100c-3665-4371-b773-bffaf61f27e5,1196,2020-11-02,Jeans,East,2,91.38,182.76
19293626-178a-45d8-ad68-36ab992fa23f,9812,2022-01-22,Footwear,North,4,131.28,525.12
0e984c74-8cf8-4806-b9f6-6412c5e93c39,4778,2022-01-09,Jeans,North,2,91.57,183.14
ee3cb586-8828-4f79-963b-3b51eab50c88,3895,2021-02-11,Footwear,West,2,187.55,375.1
374cb8cb-0ef2-4bf8-9396-5798ffb82620,2804,2023-12-11,Tops & Tees,West,3,187.63,562.89
73927c42-504d-4adf-acde-3af184882d29,2337,2021-03-03,Swim,East,3,22.12,66.36
19c7c33b-cd76-4896-ba9c-65d33dcfb78e,3059,2022-04-02,Tops & Tees,North,2,175.99,351.98
4ed816dd-4cc1-48e4-8380-98416d9b1231,2922,2021-07-30,Footwear,South,2,35.71,71.42
45519bbe-a324-4377-b829-b0f312998fb4,2458,2024-11-08,Accessories,East,1,113.25,113.25
c5ee0e1b-97df-48d9-bb3d-dc79f9113091,5632,2021-03-19,Suits & Sportswear,West,3,10.73,32.19
7f72ca3b-0762-47a0-8b48-1208c2ff0c62,9462,2024-09-17,Footwear,North,2,56.62,113.24
dd23b4b0-b09c-4b64-b699-8a081f2cfe67,7097,2025-04-16,Tops & Tees,South,2,16.06,32.12
ca0b0598-7aa2-42f6-bb72-da285c2ce6ff,1814,2022-05-04,Footwear,North,3,77.39,232.17000000000002
2d74f8f7-a6a3-408f-833b-20f6fde339bb,5105,2020-10-10,Swim,West,4,122.55,490.2
59cfa204-b6e5-45ce-bbef-be8e94f77b8c,1360,2021-08-08,Footwear,South,2,146.64,293.28
5222dd09-7317-41e1-a961-c36eec43df21,2493,2024-03-02,Footwear,North,2,151.32,302.64
638be453-98a7-4fda-91c6-3a1d9cfdee16,4704,2021-05-15,Tops & Tees,South,3,48.42,145.26
6045d740-2d1e-47f9-880a-81514c9208e9,7039,2024-09-15,Tops & Tees,North,3,173.14,519.42
20432544-8e8c-426e-84ac-f8ff6d0329f9,8846,2025-05-09,Swim,West,3,31.41,94.23
a2f4c8c0-3a3e-453b-a1a5-433f2f2ec07c,4822,2025-04-05,Suits & Sportswear,East,1,46.89,46.89
e8f94a5b-6f32-4089-b06d-c772d2c6ec4a,1037,2021-01-15,Tops & Tees,West,3,56.54,169.62
d18c6af5-cb7a-4e38-b6f0-6ee1aaf946c6,3039,2021-12-09,Swim,West,2,106.5,213.0
a1459acc-461e-4c3f-9cfd-a538c5a2cd5b,2024,2022-06-05,Suits & Sportswear,North,3,102.8,308.4
2ba1a335-d69f-440d-8953-616ddf39b555,1567,2024-07-05,Accessories,North,4,26.34,105.36
a20f720f-fdce-4421-ba86-89510dcdc89d,4916,2024-11-04,Swim,West,5,77.43,387.15000000000003
4952a790-e359-45c6-995d-70c742c38156,4196,2022-04-12,Jeans,North,1,41.41,41.41
0d6c60a4-bba1-499d-b50e-56d4d9f07483,5502,2023-09-28,Footwear,West,3,77.55,232.64999999999998
1d312740-5965-4628-9251-dd60aaa767db,6892,2025-08-03,Tops & Tees,North,2,48.44,96.88
802f9d6a-d706-442d-8f79-52ef18f9cbb0,7693,2022-05-03,Tops & Tees,West,5,100.91,504.54999999999995
20b606fc-4150-481e-811a-762aa5e9626f,7077,2021-02-17,Sweaters,East,2,46.05,92.1
0273d09d-7af1-4dae-b44f-da5851bae05d,8537,2023-06-14,Tops & Tees,West,4,45.11,180.44
21c19ad8-1ab1-407b-9bfa-a2be2b6ec17f,4390,2022-11-29,Sweaters,North,4,158.16,632.64
d0473818-6d05-4fc6-a347-914623100b21,5962,2021-06-25,Jeans,North,4,46.68,186.72
1944e186-10b2-41d2-85c6-5094c65a899f,9555,2023-03-03,Suits & Sportswear,South,3,145.43,436.29
a278c884-49f9-44b3-a31a-4577ae9fc68b,3035,2022-10-23,Tops & Tees,West,3,187.37,562.11
a33e89cd-7760-4b13-87bc-b91cc1522fce,7844,2023-01-11,Jeans,North,4,176.34,705.36
3875d010-1009-48d0-b60f-66dd3c2a5b40,2117,2022-05-24,Tops & Tees,West,4,115.52,462.08
17154abe-5d9a-4d78-af72-27754bddc2e0,9602,2021-02-07,Accessories,South,1,95.78,95.78
e459258b-6aaa-48a9-83ea-532c96c13a21,5804,2024-07-05,Suits & Sportswear,West,2,75.43,150.86
a7593331-63e0-4b29-9521-03a950b07979,1404,2024-04-15,Sweaters,West,1,69.18,69.18
29f48421-98a2-4b05-9e3e-e0471506ea50,8371,2023-12-29,Sweaters,North,5,63.69,318.45
24e030e9-0108-4d3b-903a-c37c2563c385,4123,2022-04-05,Suits & Sportswear,East,3,66.31,198.93
663deb34-a735-42e8-b13d-2f51e6b40d7a,1292,2025-01-23,Jeans,East,5,140.8,704.0
12c4ac41-a67e-4198-9738-76a5bb566b0e,8909,2025-06-14,Tops & Tees,North,1,39.03,39.03
c58d8fc6-df9c-4f39-b8bc-51408ecd7b30,3248,2024-07-16,Tops & Tees,South,5,103.78,518.9
9e9fe00d-1852-44cd-a657-f9c7047e4f0c,6391,2024-11-04,Footwear,North,2,173.43,346.86
68fcd6bf-d973-49e2-b4fe-033a9c9bf8c1,5089,2023-10-08,Accessories,East,1,186.13,186.13
35d1b5d8-c0d6-4d65-9b11-7a8ff3ab1f2a,7229,2020-11-14,Suits & Sportswear,North,3,171.85,515.55
f1e7fb7f-cd7b-41ac-9fc6-356d1be0013a,9253,2020-11-22,Sweaters,South,1,196.63,196.63
d0fda044-aac1-4c10-add9-b62da519d3f2,9398,2024-03-29,Sweaters,South,4,147.82,591.28
8308c040-fe93-4476-bcfb-5a983cbf652f,6943,2024-09-23,Tops & Tees,North,4,153.11,612.44
19431a0b-c018-4f41-994c-8b9336d20dd7,9574,2025-07-14,Tops & Tees,South,1,33.9,33.9
e72a93b0-1627-4b83-beeb-302ed13657b8,7193,2025-06-23,Sweaters,South,1,111.59,111.59
57f4a817-e1f9-411f-a4c5-fb9de97b80e9,7164,2021-12-26,Accessories,West,1,128.86,128.86
81ba26ec-fbc8-4a10-91ef-b98598c683b1,1878,2024-01-04,Sweaters,East,2,123.55,247.1
8d359256-be8a-452a-9ca0-8875c1703e80,7389,2022-12-09,Swim,North,3,92.4,277.20000000000005
a11a442a-3bab-448b-81af-503f2b91b8c1,9387,2021-10-17,Jeans,South,2,89.97,179.94
06baba98-e3e2-4ff5-880a-c28db077f25c,3119,2025-05-24,Tops & Tees,East,2,168.07,336.14
eda85f0a-9d72-4d68-8a4d-bff901b500d8,6761,2024-03-22,Swim,West,3,24.01,72.03
39a6a475-dcbc-465a-8d40-f17c23c19f8a,9594,2023-12-08,Jeans,East,1,193.82,193.82
8ab8fa0b-35f1-4edd-adf2-523841f527e2,7397,2023-05-25,Footwear,South,2,105.07,210.14
e43321f9-9a98-446d-846a-a3578f90eeab,6089,2024-04-28,Jeans,East,3,99.17,297.51
855cce9f-c85e-437a-b879-d68503276e79,4187,2024-10-06,Accessories,South,3,146.1,438.29999999999995
3402c7f1-42b8-4097-a2e5-ab9df0acccbf,1784,2021-03-25,Suits & Sportswear,East,4,34.95,139.8
63847e45-11fa-4359-8969-8893727cdcbf,8138,2021-12-21,Swim,East,5,99.75,498.75
b25ef685-61a4-4874-922e-456fe142ed33,3288,2024-05-27,Swim,East,4,167.62,670.48
2a16c5c6-f08b-48e4-90a1-1d17bcc26c5e,3329,2022-01-10,Suits & Sportswear,North,1,57.39,57.39
26a19654-95f7-4016-8ab1-b1d4700f143e,1818,2022-05-23,Footwear,West,4,144.7,578.8
50490770-813c-4d73-a5ae-1bb9a7610909,7935,2025-07-30,Accessories,South,3,59.8,179.39999999999998
aab54db9-ef0a-4cbf-b2cc-da5740ef04ad,9297,2023-10-01,Footwear,West,4,151.03,604.12
86be669e-400c-46c2-9c8b-ca17993bc28d,2236,2024-02-16,Footwear,North,3,154.77,464.31000000000006
0e4419de-7e1b-4d50-a2d3-77c93db245eb,5839,2022-03-20,Jeans,West,1,127.31,127.31
eff9b695-17d4-403d-a024-e60838218dea,7184,2023-02-15,Sweaters,East,5,166.92,834.5999999999999
3b4b8d49-e9d1-4c43-bf1a-9f7cf307b4c0,8231,2022-06-09,Tops & Tees,North,3,92.16,276.48
99fe5fd0-b0ff-419b-bdda-49611e8b13b3,6545,2024-10-12,Swim,North,5,55.8,279.0
cbba7605-e6fb-4aa6-9d65-3f821590adbf,6232,2024-09-02,Swim,South,4,32.27,129.08
31c24738-9f1e-4225-95a1-d3850eaa7c7c,3205,2020-10-27,Tops & Tees,West,3,139.27,417.81000000000006
e5871346-314d-49b6-a220-a1be1486ebf7,4658,2024-04-09,Accessories,South,5,12.88,64.4
b5e0829d-eb0a-4aaf-aeae-c825b5983978,9332,2022-02-04,Accessories,West,5,174.89,874.4499999999999
688bcd1a-0657-45b4-8fa6-327de555253d,1512,2024-05-07,Jeans,South,2,137.64,275.28
2f01b791-2cc8-49e3-be52-eb49a009c9d6,8015,2024-01-27,Tops & Tees,West,2,17.28,34.56
cf170ae1-ab42-4b46-8ac8-a72bd9a42ce0,1696,2025-03-16,Sweaters,East,5,139.01,695.05
c7956671-aa09-4497-bf20-7f57b05e0c32,5190,2023-03-11,Jeans,South,5,170.09,850.45
d18781c2-1414-4ebf-8cb8-b61b3112b6c3,7522,2022-10-19,Tops & Tees,East,3,62.92,188.76
295df358-4db7-4771-9693-cadfb28bd2be,1630,2025-05-29,Footwear,West,1,141.38,141.38
d0fd71e1-663b-41be-aeab-2233a1122284,7302,2021-10-09,Tops & Tees,West,2,95.11,190.22
8b0abab5-fe23-469d-8680-c81829e0080d,2039,2023-10-16,Accessories,North,1,59.78,59.78
cd17db88-f947-46d6-b125-e77f3b91b291,5556,2022-09-07,Tops & Tees,East,3,169.13,507.39
f3282e0c-5a68-408f-b2ce-3134477b3691,1327,2021-07-11,Swim,East,4,42.13,168.52
502b75dc-4e59-48ae-b620-6d426d8aba5f,2145,2025-08-10,Swim,East,2,83.91,167.82
c53d29cd-0f68-4c59-a962-b265f00be59c,6363,2022-10-28,Suits & Sportswear,North,5,104.75,523.75
3d77e6b7-593c-4fb5-95cd-ce408fad5c3b,4050,2025-02-12,Accessories,West,4,80.92,323.68
ddb691b8-b635-4423-8aa5-3eef6bc58325,3694,2022-12-10,Suits & Sportswear,North,2,49.54,99.08
cd648e1a-0cfd-4948-b0bf-a63db91df57d,2291,2022-09-16,Sweaters,East,2,40.14,80.28
280c8528-6b13-4363-8c6d-7c99d2b6817e,3749,2022-01-27,Accessories,North,2,72.79,145.58
89fd0ef4-3622-47c4-a43d-a6c6927c5f25,9484,2022-01-16,Suits & Sportswear,East,2,83.71,167.42
4a1e1c96-0a4b-4b9d-9deb-f2ad16e9d04c,2211,2025-05-02,Tops & Tees,North,2,40.35,80.7
00c5b645-94a7-4c76-af6d-b4cb1327a3cb,2109,2023-05-04,Swim,South,5,14.19,70.95
963fd9c5-b14b-4cd3-ba53-06fe58509829,2516,2020-12-23,Tops & Tees,South,4,40.79,163.16
6539f4ba-7320-403d-9209-548b34a68ce3,3247,2023-12-23,Jeans,East,4,21.87,87.48
b2f39e5e-2462-44c6-a879-7a5ba900904d,3085,2024-11-05,Accessories,North,5,198.13,990.65
da4a4dae-8ff6-499c-9c2d-769aa0a154a1,8108,2024-08-18,Swim,South,2,190.72,381.44
2ad928bd-a61e-4d39-ae32-9cf352a19c0e,8164,2022-03-09,Footwear,East,1,100.25,100.25
6ce0745f-f74e-4797-b1ff-760f0c59f6a7,1889,2022-05-02,Jeans,South,1,83.3,83.3
5b806770-607d-43ea-b8ef-ce7086811ba9,3990,2025-03-15,Tops & Tees,North,2,177.2,354.4
c27a36e3-a0cf-4bb7-bc05-3df6472f92de,5506,2022-02-28,Accessories,North,5,116.92,584.6
bfb83f30-6892-4cb5-ae17-6586416ed784,5698,2023-11-23,Swim,North,5,109.85,549.25
bb4c7102-744d-4fe7-9c6e-2f9cc385995a,2889,2024-10-19,Sweaters,East,2,23.8,47.6
8aced16c-dd09-4732-8fef-16a93c78e4a2,4005,2020-12-02,Suits & Sportswear,East,1,180.63,180.63
b4b574b2-ef13-43e6-b256-6edf60e3e8c8,7254,2021-10-09,Accessories,North,4,114.45,457.8
3b1448ff-7588-4e5e-bd3d-e16f659244d6,9153,2024-02-24,Suits & Sportswear,East,3,23.71,71.13
c5416342-acc6-4925-bbb7-6a6eb6e41ea9,5460,2025-01-17,Footwear,West,1,140.83,140.83
d5587efd-5c81-4d52-b250-149408458664,3717,2025-08-30,Sweaters,South,1,122.21,122.21
51967cd2-5414-4fec-a4c5-cbc5f021465b,6957,2022-11-27,Sweaters,East,3,187.73,563.1899999999999
34bc022b-1257-49b6-83b8-04318f5ebf92,3654,2025-07-02,Footwear,North,1,123.84,123.84
6eb4efc7-7e4c-491a-a1c5-b9a73e661ee5,2443,2024-08-30,Footwear,East,2,18.87,37.74
dfc99c35-7a12-4be5-8602-509f26da5d80,6680,2023-12-21,Footwear,West,5,91.94,459.7
2996b1f6-83a6-474b-85ec-9424e3b04c8e,2540,2021-05-15,Footwear,East,4,172.45,689.8
9b79e972-485f-42dc-b1fd-2bae78e94a98,2273,2024-04-16,Jeans,North,2,63.27,126.54
c22a3de0-7925-4312-b7ce-cec824ca5884,3348,2021-04-15,Suits & Sportswear,East,2,98.54,197.08
70b675e9-667b-4182-9630-415bf13a2f05,7098,2022-02-15,Swim,West,4,77.86,311.44
058b533e-d3dd-4e76-98b7-c574c7cd88a3,2775,2022-04-19,Footwear,West,3,158.29,474.87
789998e8-5a76-4f7b-83fb-7156a9b507b6,5922,2023-10-03,Suits & Sportswear,West,4,53.4,213.6
1c299be9-906b-4f9f-a0a0-f26d632dc29c,9048,2022-08-03,Swim,West,1,197.93,197.93
0760853d-fa70-4c96-81db-fcd360fac779,7027,2021-06-11,Tops & Tees,West,1,60.77,60.77
37346249-2547-4ee6-afb3-9775769255a4,3518,2022-01-16,Jeans,West,3,25.81,77.42999999999999
23345f17-351f-4088-9d05-0251f39c4702,8148,2021-12-25,Jeans,East,3,162.92,488.76
8c8ea131-b2c3-4c84-812b-40810008e4f0,1200,2020-12-21,Jeans,West,5,69.06,345.3
f9ae488a-eb21-467f-9741-40785d087f40,1880,2021-08-09,Sweaters,South,2,68.67,137.34
97c306db-9098-44f2-b021-afe0182a829a,6981,2020-10-06,Swim,South,5,113.26,566.3000000000001
34fb6475-bbb7-4018-b998-282da16ba996,1851,2023-08-08,Sweaters,East,5,23.39,116.95
2230e154-ec6b-4631-a25c-9cff05ff49b8,3987,2023-12-19,Tops & Tees,North,5,75.28,376.4
8188ee91-329a-4b4c-a466-08a8161c77c4,1830,2021-06-11,Footwear,South,2,183.01,366.02
4a3688c6-28cc-4658-bc2b-9b4cee37388f,7259,2022-11-29,Suits & Sportswear,South,2,146.8,293.6
db23dfc9-3739-4cd1-a26a-fe747ddfe53f,7505,2022-08-30,Jeans,North,1,34.71,34.71
e2aaf93b-0b4d-4e19-8185-458eff95eca9,7726,2021-10-17,Accessories,South,2,14.07,28.14
61cbf53c-4048-416a-8ec8-cd698977dcc0,4379,2021-01-10,Suits & Sportswear,East,1,140.5,140.5
dc7c6942-e0ba-4e4c-8d2e-48e24db1639a,3355,2023-08-28,Tops & Tees,South,2,66.77,133.54
89adeee9-9a41-4366-8143-ae576f5c9250,3775,2021-08-04,Sweaters,West,1,21.71,21.71
c01ba6e4-c06e-419b-ac09-b9ba7d8a4cf8,3912,2024-11-19,Footwear,North,1,10.54,10.54
33ef1f7e-396a-4970-88d7-8a0022b46d2d,1546,2022-09-19,Footwear,North,4,83.03,332.12
9bf0a796-23ed-49ef-86f9-c6e3ad182034,3782,2025-04-14,Swim,North,1,172.23,172.23
a3757820-aa96-482e-bb0d-fae47d31c042,5102,2025-05-25,Tops & Tees,West,3,182.41,547.23
ce56c561-8c92-4b22-9315-d474eefbeb5c,9879,2021-12-13,Sweaters,South,2,125.47,250.94
33a7abbf-0229-419f-a378-c458b8412ebe,9090,2025-05-25,Sweaters,West,4,33.11,132.44
0b42e730-1ee7-4c40-b624-a8c869bc7bb4,3161,2021-09-03,Footwear,North,3,93.29,279.87
5604e470-5cb7-4dd2-806f-a395fba80490,4678,2024-06-08,Sweaters,West,5,12.85,64.25
718bc5eb-b950-4a1b-9cda-9bb0f9371966,6437,2021-04-19,Tops & Tees,West,1,66.86,66.86
6512ed55-b5ce-460f-96a6-c6d900223e7e,6712,2022-02-28,Sweaters,South,5,21.11,105.55
60a19c8d-251d-4195-b45b-3256a37775f5,1601,2024-02-25,Sweaters,West,2,10.44,20.88
1878ac77-d24c-4df8-8aa2-98bd3d6b440e,4628,2025-05-08,Tops & Tees,West,4,129.77,519.08
104bc3b2-bd7b-4851-a970-6c7848f39e6a,5201,2022-04-03,Tops & Tees,South,5,160.81,804.05
9a27e79d-13ae-4d8e-bcc7-76bc12b31134,3664,2024-07-29,Sweaters,South,4,20.74,82.96
2afd1b28-bfc7-40fc-89fc-63a8c329a0f8,6923,2021-10-25,Swim,East,5,45.88,229.4
982a037c-3217-4b24-adc7-12f18b50f171,9179,2022-01-26,Swim,West,5,62.9,314.5
2390684b-e3b9-4f1d-913e-5e0d825cd903,2845,2022-01-26,Accessories,North,1,179.3,179.3
fb679478-5cb7-4136-b15f-011689373149,8482,2021-02-17,Tops & Tees,North,4,121.9,487.6
c71ac8f8-1595-45af-ac3a-0f439a30e6fe,7099,2024-02-04,Suits & Sportswear,South,3,57.12,171.35999999999999
0e6e0d78-201a-40b8-a565-7a4e044fa1e8,2952,2025-02-15,Tops & Tees,North,4,25.22,100.88
0906f205-f7f6-4e54-b633-d2d52cf7799f,4377,2022-01-07,Footwear,East,5,63.57,317.85
743f954f-22b0-4b26-b7b1-3c3ffad1099f,2826,2025-07-22,Accessories,West,5,57.52,287.6
231374bd-1e59-47f4-8b17-69aa94a0b2bb,5190,2021-02-13,Accessories,South,3,118.55,355.65
33296241-b45e-4c5d-8e31-3328aa72d67c,5459,2021-10-09,Suits & Sportswear,East,4,16.59,66.36
1d329733-798b-49ac-ad5a-3fbe444a4c1e,6153,2023-01-08,Footwear,West,3,76.95,230.85000000000002
10d879d6-9896-4b95-96d7-323f8aba04a7,3597,2023-01-10,Jeans,West,4,171.89,687.56
9b9d3dd8-bdf4-40eb-a535-3dd3683e28d2,6711,2022-06-09,Sweaters,West,2,134.79,269.58
9b4011e0-a823-442c-b757-bb1396790a07,5684,2024-06-08,Tops & Tees,East,3,114.47,343.40999999999997
8e795ca5-23f8-4636-8116-5fdb454d09db,2658,2023-11-01,Sweaters,West,5,135.69,678.45
e6185306-6be6-4c86-9b30-3c4f6e9e5b10,6483,2020-11-26,Footwear,North,2,79.11,158.22
d57aaa29-c89c-4283-8060-58121832c76e,5741,2023-11-12,Swim,North,5,67.94,339.7
fe88b366-b08b-430e-b9b7-e7dfb895ce79,7787,2022-03-12,Swim,South,3,79.84,239.52
349e889d-a789-4131-bcb1-3daee26fa39b,4660,2022-01-11,Accessories,South,4,16.69,66.76
c4d46eba-833e-48c5-8126-3a5abac0b4b6,4634,2022-05-21,Suits & Sportswear,East,1,112.66,112.66
633f2c9c-a52e-487f-b90a-c6c6bec69435,5905,2021-11-15,Swim,West,2,131.32,262.64
1322447f-0bf6-4f19-9a64-cc9be378e67a,1936,2023-02-05,Sweaters,East,4,65.29,261.16
9c8668b4-3ff8-469b-a19d-73673b4c534e,5029,2021-12-08,Accessories,West,4,64.61,258.44
df458494-4781-443a-ab4c-f10a9169313f,9283,2020-11-02,Swim,East,3,34.75,104.25
04c0beac-2f09-4a53-bca3-606bd590d253,7435,2025-03-22,Suits & Sportswear,North,2,106.26,212.52
ddfdc786-2eff-4610-b4b6-9cfb97478509,4581,2025-05-25,Sweaters,North,1,104.07,104.07
d9ecfbc9-8890-49d0-92b7-348e34aa8136,1690,2021-09-15,Suits & Sportswear,East,3,175.76,527.28
fc183532-7ba9-46cc-ae4b-46948e1ff435,2829,2023-05-05,Swim,East,4,90.25,361.0
55fb7cca-9055-4540-8d67-50688e7ba0b7,7639,2023-01-27,Tops & Tees,South,4,121.73,486.92
96470131-f448-4c38-8293-f008ce70b904,2085,2023-05-06,Accessories,South,1,85.74,85.74
32b808de-5879-4e02-847d-1fd3a89305d3,1016,2024-12-24,Footwear,West,3,11.7,35.099999999999994
5ed376c1-1aae-454b-9ed8-2e3141b46b08,2893,2023-03-02,Jeans,East,1,81.66,81.66
616fd476-c409-44d3-9130-e3dc9ad4305a,7402,2023-04-29,Footwear,West,2,93.38,186.76
4a7b4be9-1bff-47a1-9d9a-dc37ebe11599,7581,2024-07-19,Accessories,West,3,108.88,326.64
e5e93af8-6fc7-4661-9e1a-9a8fed2bee64,2410,2023-01-06,Footwear,East,3,91.66,274.98
cff5584f-4b91-4fb8-a3c3-9d1cc90de179,7689,2023-08-18,Swim,North,2,140.29,280.58
c471388a-dda3-43c9-b6ce-5c943820257c,9319,2022-07-29,Suits & Sportswear,North,5,154.44,772.2
13aa3939-d9a5-432f-b018-90da4b671bd3,2818,2021-12-03,Footwear,South,3,134.73,404.18999999999994
bd5b4bfa-c44d-46e1-b386-bf06583f4dce,2426,2024-11-21,Swim,North,4,193.81,775.24
af9aa1e7-b28f-45cf-aec5-48559d88e39e,6207,2023-06-20,Tops & Tees,East,2,143.34,286.68
c5e42865-b0c9-47b1-a83d-1385e750f033,3386,2021-08-22,Accessories,East,5,172.34,861.7
4fb0a47a-07e4-4c93-ba0a-bdbcc97002b4,2971,2024-03-03,Accessories,North,2,54.62,109.24
815fedca-17f1-4436-bb81-a08392e90b70,8173,2021-08-02,Accessories,South,2,11.67,23.34
fcbe09c2-00e7-4591-b0b3-f78074ae66b4,6404,2021-05-25,Footwear,South,4,42.03,168.12
6a6ac3bf-2267-42a4-aa28-7b87497622aa,5367,2020-11-20,Footwear,South,4,52.64,210.56
53c7d12b-95dc-4aa2-ae6f-79e2f0c66f0c,1256,2025-03-03,Accessories,North,4,64.39,257.56
af3cc559-f9e9-40ad-8bee-56184f2da0e1,2452,2024-12-21,Sweaters,West,2,156.87,313.74
49351f73-dd3a-4dd5-83d9-52b36a74f046,7459,2024-02-07,Footwear,South,5,66.15,330.75
82fa0d32-e015-4c70-bbe7-825c8dc824ca,2318,2024-10-30,Swim,North,4,20.45,81.8
686cf31b-a21d-4fd7-b451-5ba96002c0ac,4890,2020-12-26,Swim,West,2,135.33,270.66
e1f12e94-f0fe-41b8-a22f-4d5eb63ecdf7,1563,2021-08-28,Footwear,East,5,66.3,331.5
661f4b72-d96a-4d5c-b5e6-9f4f8cb9fe72,7183,2023-06-16,Swim,North,5,59.96,299.8
0bf8aa79-5cf9-4571-9bd9-ec04e1bd61e5,5980,2024-02-05,Swim,North,5,13.57,67.85
c2c18689-2d13-4ec8-b9aa-06b65e94a288,1329,2021-05-29,Tops & Tees,East,2,48.68,97.36
34f25bf0-8fb9-46cb-9f78-011f2cf4eeba,4260,2021-07-10,Jeans,East,5,139.57,697.8499999999999
844f61ba-219a-465f-9e56-a2e551ac5197,4468,2025-01-12,Suits & Sportswear,South,4,159.7,638.8
61aa5f88-4f7c-4abc-a8dd-eb136e1b788f,6299,2021-04-09,Tops & Tees,North,1,12.63,12.63
120a4e62-524b-41fe-8e64-215b5be3e245,7893,2022-06-25,Tops & Tees,West,3,149.66,448.98
c07b4ed6-49b3-4038-a5de-1563967555e4,4080,2021-07-28,Jeans,North,4,58.9,235.6
7479d961-e895-42f5-afea-f8ff8dfed0df,3909,2023-01-13,Suits & Sportswear,North,4,82.06,328.24
0c0beb84-e2a9-4dca-9374-f264236bb99d,7620,2022-05-17,Jeans,East,4,91.59,366.36
3b5ca622-cdca-44f7-b1bc-974b51d9cec9,5198,2022-10-19,Jeans,West,3,141.98,425.93999999999994
0b88e333-6c13-4788-8b4e-0818fe9a3f82,7809,2025-06-20,Jeans,West,5,130.92,654.5999999999999
7cc5e6bd-9f7c-4bbd-a865-4410fceace9c,4883,2022-12-16,Sweaters,North,3,33.17,99.51
79e9cb24-7c94-4aab-badc-2e2202678997,6512,2024-07-09,Suits & Sportswear,South,5,160.16,800.8
c9b40071-8c46-42b3-93e7-c2618e15c117,7946,2023-02-19,Suits & Sportswear,South,2,134.02,268.04
5d40b767-d9c4-4be9-8c2d-36cdfa13d3c6,4310,2025-05-01,Tops & Tees,North,3,39.99,119.97
f73ea794-0594-4401-9b18-4e7902a840d1,5342,2024-09-15,Tops & Tees,East,5,93.58,467.9
f6893685-19d1-4c66-bc79-e25830fda34f,2363,2022-02-21,Tops & Tees,West,2,160.72,321.44
30f47556-ab72-48da-be4d-0883552ca7e2,2728,2024-06-01,Footwear,West,1,95.27,95.27
3b427eec-734a-47c2-891f-59b36de6d789,2847,2025-06-07,Accessories,North,1,143.47,143.47
69c7bd90-fe0f-4963-8889-9762b6df5431,7496,2025-03-20,Suits & Sportswear,East,3,177.23,531.6899999999999
70062004-6404-46b3-ba52-271756235724,8554,2021-01-19,Swim,West,5,148.48,742.4
17774fb1-ac82-4b63-afb4-c8ce981d7f8e,6563,2025-08-30,Sweaters,South,1,79.17,79.17
03e57ed1-714b-47fd-8abb-768fb7812ab6,7173,2024-12-30,Footwear,East,1,174.36,174.36
7aee1dee-2e86-4989-977c-b7cb30fa638b,1806,2023-09-21,Accessories,North,4,142.44,569.76
3e5af579-ef79-476c-96fe-c850b0b160d3,6575,2021-01-25,Swim,South,4,113.89,455.56
f29ea1f5-4817-430b-9a1d-7e047b469af1,3833,2021-08-10,Suits & Sportswear,East,3,62.46,187.38
4a1c4741-933f-4010-b575-beff158e59d1,3763,2025-07-08,Suits & Sportswear,North,1,172.46,172.46
82766b3b-8704-41c2-84b3-c071f892e9e9,6594,2021-03-22,Sweaters,South,5,86.5,432.5
a05c8c50-0824-4310-bf44-b23204358bfa,9877,2024-01-10,Accessories,North,3,91.76,275.28000000000003
a342c375-6ce1-411b-a74a-a27f40b3d03a,8749,2024-06-06,Footwear,West,1,78.96,78.96
92f5228e-ab3a-4329-978d-7ebd5355d665,7759,2025-07-25,Swim,North,4,149.61,598.44
9a5602e1-849b-4989-aae7-936869043f9c,2532,2022-05-03,Suits & Sportswear,South,4,57.76,231.04
9119c38c-8028-49e5-8bb1-7a2ba71cb50e,2144,2023-09-09,Suits & Sportswear,South,1,168.31,168.31
e130ff21-615b-482f-963f-9f717edf8e74,7919,2021-03-24,Sweaters,South,2,59.09,118.18
a518a80f-fadb-49f1-888a-d9484555aa47,6142,2021-04-24,Footwear,East,4,127.11,508.44
4af0ae34-6708-44e4-9215-cb4d64196436,3982,2023-03-21,Swim,South,5,90.28,451.4
05b11c1f-5731-40ae-8bc1-a7248245b70a,7422,2022-03-23,Swim,East,5,187.09,935.45
d3492338-f44f-4b9a-8661-a66059eef7d3,8646,2025-02-07,Sweaters,West,1,120.97,120.97
355d5a5e-2242-4719-9b62-23ff229f67d3,2028,2020-11-01,Jeans,West,3,125.97,377.90999999999997
44b8b591-9304-4fd6-98dc-f6f3fc071f60,6404,2023-12-19,Jeans,North,5,141.99,709.95
96c89d18-1954-47a5-9e8d-30ee65366aaf,2518,2023-08-13,Sweaters,West,4,155.6,622.4
28ca3a2a-1239-4f44-bf5b-3706eed53580,8371,2024-07-17,Sweaters,East,1,147.08,147.08
d7717e02-5074-48ba-80c0-0ca97a5e0e40,1637,2022-09-11,Tops & Tees,North,3,165.02,495.06000000000006
d817cd8d-23b2-46aa-9046-9a41f0f041f0,7199,2021-03-13,Sweaters,South,4,41.8,167.2
d03a2df5-745d-4048-a6e6-b3db08c7f535,7936,2025-03-22,Suits & Sportswear,East,5,141.43,707.1500000000001
e708cd6a-3902-4af5-b71b-0c9a86f7a6ff,6202,2023-10-12,Swim,West,5,78.89,394.45
1dadeff8-4ae4-42cc-9139-f4868eee025d,8733,2023-01-31,Accessories,North,3,179.34,538.02
2caf5849-acc7-4741-bdb2-9f4838162045,5119,2022-10-06,Suits & Sportswear,West,5,33.67,168.35000000000002
9b3a680d-04b6-4aa7-92e2-c42d0460320e,1528,2023-05-13,Footwear,West,3,46.85,140.55
ade2142d-aee1-428a-a10d-bf6b646a6d21,3441,2022-05-16,Suits & Sportswear,South,5,170.2,851.0
1940eaa2-8915-4c62-944f-8e84b3008aad,4698,2021-07-18,Accessories,East,2,70.52,141.04
2b815b5b-6f14-48c9-9f89-d3d5674341af,8122,2020-11-12,Suits & Sportswear,South,2,28.83,57.66
b8ba984f-977a-45dc-ab9a-9f1b34d707b4,3026,2020-10-25,Swim,West,5,134.13,670.65
2a56b778-3d39-4628-862e-f923ecda8ac5,5599,2023-05-05,Swim,West,5,68.0,340.0
e68ae6ac-1c23-454a-8ee7-9684fa905829,5423,2022-10-10,Swim,East,4,124.79,499.16
2e8a3b6b-165d-4031-abe5-ac018fa73aeb,2936,2022-12-25,Sweaters,North,4,18.16,72.64
68aed534-252b-4f9c-8f8c-ec5edc71eed7,3461,2025-05-06,Sweaters,North,2,52.23,104.46
3702be65-ef7e-4721-a57b-8b55fa675884,2784,2023-11-24,Tops & Tees,East,4,81.27,325.08
78914ff8-d565-43dd-a3da-6f5ad8bd3ef2,2308,2025-06-05,Suits & Sportswear,East,2,140.28,280.56
0fb81fa4-3964-4b60-b4cb-70c60c9d33e7,9313,2020-09-03,Swim,West,1,188.95,188.95
4887951f-eb94-4f19-aa29-f66c9506a1f8,7066,2025-08-11,Footwear,East,3,65.62,196.86
9d9d8af5-f5c1-4d25-90fe-41b6d1314b4a,7888,2021-08-23,Sweaters,East,3,50.87,152.60999999999999
c254fec1-b02d-4d02-bf7f-6f5a97857707,9890,2021-05-03,Accessories,East,4,140.24,560.96
8e723aff-fda9-4e80-9fa8-2ae2fe514ee3,3300,2025-03-21,Tops & Tees,East,2,11.03,22.06
737fa1ac-89f1-493a-9088-182cdbd00321,6908,2024-11-27,Tops & Tees,West,5,48.52,242.60000000000002
3fb7dbbd-8952-4205-b7e7-d53822953005,7441,2024-02-10,Footwear,East,2,125.52,251.04
aad139bc-3555-47ff-83ea-e5a607f330fa,8116,2023-12-24,Swim,East,1,37.0,37.0
4239900e-1646-4eda-900e-f77fe34ea358,8364,2023-08-05,Accessories,South,2,79.43,158.86
099727c8-fec5-4d4e-b470-1e989db92749,3462,2022-09-08,Sweaters,West,1,73.94,73.94
a83fe27f-c640-4e2a-a550-049abdfbbf44,3156,2023-07-18,Jeans,East,4,159.31,637.24
aa408578-01f6-42b1-86f2-985d9c164bc9,7028,2022-02-28,Tops & Tees,South,3,160.12,480.36
9e3ba217-b970-4cdc-a92c-b62871490af0,4253,2024-09-17,Footwear,North,5,199.79,998.9499999999999
0f9e2a0d-3824-4b25-8290-735f3d2048f3,6291,2023-12-26,Tops & Tees,West,2,83.8,167.6
4b41d2e4-7c94-4512-9b4c-ed065635a9c5,9480,2023-10-05,Footwear,West,2,107.62,215.24
4b99c069-c824-4bb2-9739-2b11314c7eee,2567,2022-07-18,Tops & Tees,North,2,86.48,172.96
3234615d-0edf-4ab0-8be9-082b9e8208ef,9597,2023-08-05,Sweaters,South,4,27.96,111.84
c41e70ec-e385-44ce-bf20-1804c022fa41,2741,2025-04-20,Tops & Tees,South,4,103.92,415.68
38760bf0-4d3d-4707-8b09-06f1192987e8,7690,2024-08-29,Swim,West,1,45.9,45.9
fc4ceb53-5a51-4f86-9269-a4f1ca824c5e,8133,2023-11-23,Suits & Sportswear,West,2,118.13,236.26
b745774a-1df5-451f-b7cf-e7020037a497,7859,2021-01-21,Swim,South,3,178.44,535.3199999999999
b3015539-87e6-4bfe-8553-f2bc34869c19,7009,2025-08-30,Accessories,South,1,60.29,60.29
26510d76-e8c5-40e7-975d-36931a8cc660,5710,2025-03-26,Swim,East,5,41.34,206.70000000000002
3ee003e5-4f9c-4c04-981c-fe108ec118b3,2122,2022-06-08,Accessories,East,5,131.96,659.8000000000001
7fa98cf1-cfdc-4591-96e0-3018b23fbc91,6674,2021-10-19,Accessories,East,5,173.37,866.85
fedd816e-2050-46b9-a40e-b061e7d06e5c,8962,2022-11-20,Sweaters,West,5,38.83,194.14999999999998
fd6df2db-7500-44ae-86b0-191844d2a77b,2978,2023-07-11,Accessories,South,4,176.96,707.84
8e8b5b0a-11ed-447c-8fa0-53bc0d97148c,8148,2023-02-01,Suits & Sportswear,East,3,170.25,510.75
5419f21f-f8f8-4b35-a472-7b0741e4e112,4580,2024-11-29,Swim,East,4,192.58,770.32
c4096042-1e21-4a31-b854-01d216a450fd,5746,2025-04-19,Sweaters,West,5,19.0,95.0
071d5ea9-73e0-47d8-aca2-9682d31875e0,2042,2021-09-25,Tops & Tees,West,1,180.13,180.13
5bb8f160-ce8b-46f3-a2e5-93c5d497ea47,3941,2023-07-13,Suits & Sportswear,East,5,55.8,279.0
579ca6bb-742f-430d-a652-50d1490f798d,4577,2023-10-18,Swim,South,1,31.81,31.81
e2e7ac8d-26a2-4828-9bbe-29e180100276,3857,2024-07-09,Swim,West,2,16.52,33.04
ed34ec34-d8cf-4915-a7ca-e3d02204cab7,1559,2020-09-09,Tops & Tees,East,4,58.78,235.12
6fda533d-11e4-4fab-97cf-7f0905de2a02,2793,2021-10-30,Swim,East,2,37.66,75.32
88dcee97-b797-4951-9d0e-91ae4ddbcb4e,1214,2025-07-06,Suits & Sportswear,West,4,21.57,86.28
d537910d-d706-4b6b-8479-5df1e5f9e3fe,4978,2023-12-14,Suits & Sportswear,West,4,62.31,249.24
c376cadd-c74d-4ddb-8f29-d4533c16cc25,2731,2024-11-19,Accessories,South,2,130.43,260.86
aca8ffc5-3c0d-468a-a06f-9d650708f442,7726,2021-09-30,Footwear,East,4,124.36,497.44
f6fda638-0823-480b-ac15-498455472ac6,8480,2022-04-22,Accessories,North,4,68.93,275.72
8503ab65-c58d-4612-a4a9-67abd88e20e1,8429,2025-05-20,Suits & Sportswear,North,2,104.72,209.44
8cb022e8-a43d-497b-805c-44ea6e175497,8376,2023-06-27,Swim,North,5,157.63,788.15
b058a317-ea80-4b8f-8018-24569c838d20,5363,2021-11-16,Footwear,East,2,124.33,248.66
aaa5fe24-4082-4876-b4d5-39ee11600972,2417,2023-05-11,Swim,South,1,189.97,189.97
77e7067b-143e-40cf-8fc9-801d864c1678,3513,2024-05-05,Jeans,North,4,60.54,242.16
e431aa9f-f84f-4856-8b95-4b6da24943dc,2407,2021-01-01,Sweaters,East,2,110.59,221.18
50c52ec7-70cb-40d1-bf00-943af41c72e6,3755,2024-06-24,Suits & Sportswear,South,2,71.78,143.56
41d5e329-8d57-4371-b463-cba33a144d7d,6668,2023-07-26,Swim,South,2,10.14,20.28
1283f021-9d49-48b8-9639-4e12cb4025fe,7663,2022-01-26,Footwear,North,1,169.13,169.13
c3b84d1c-2b6b-471c-aa8f-f0cf6e539d27,9108,2025-02-23,Footwear,East,5,114.78,573.9
b40dbecc-15cf-49c2-82bc-5133321243a6,1078,2023-06-02,Tops & Tees,North,1,81.4,81.4
46b79bb8-50a5-4633-b153-768fd38db495,2322,2025-08-05,Suits & Sportswear,South,3,180.03,540.09
068db876-eeff-4cfb-8fc4-e1409e232bfd,3079,2022-02-04,Sweaters,West,1,181.87,181.87
7cfeefc7-077d-463c-8308-3b5396fdb853,3055,2025-05-10,Jeans,East,2,198.13,396.26
aa97d963-5302-459b-9b2b-833b63609ddc,6041,2022-02-22,Footwear,West,2,46.19,92.38
10ebf34f-2fff-471c-9a7f-6ee4d15b05dc,2210,2023-02-07,Tops & Tees,South,5,57.51,287.55
2082644e-0528-4b36-aae8-2d9549cb9dac,1208,2021-08-15,Accessories,South,5,50.48,252.39999999999998
083b21dc-872c-4234-8116-131bb62010e2,1023,2024-04-15,Jeans,West,1,144.02,144.02
2a521348-1360-4109-9187-0f20bffcdeb8,2405,2023-05-20,Footwear,South,4,114.9,459.6
e0683ee5-6a0e-4d32-b946-55125eb182a1,3361,2025-04-05,Swim,North,4,129.71,518.84
9885eb61-318d-419a-aa69-53692b5ac7f4,4051,2022-04-27,Suits & Sportswear,North,2,106.66,213.32
971a2b9b-3732-46d0-a24e-3c99ba126fa1,4252,2022-11-04,Footwear,South,2,154.18,308.36
dfb4014d-fe67-490d-b73d-a3ceda549abf,7310,2024-12-26,Jeans,South,4,49.32,197.28
01c4be22-1a01-4e28-946c-2be9e3630f99,4644,2021-01-17,Tops & Tees,East,4,39.14,156.56
3458b6d9-0cf5-4af3-bc1b-8a957e2d11fc,8823,2025-01-12,Footwear,South,5,137.42,687.0999999999999
aa3fac99-f446-4b8b-a507-8cd2490b1c46,5339,2021-08-10,Tops & Tees,West,3,173.24,519.72
a2d0add3-ae98-48d7-a5d4-c0a3c257d886,9302,2020-08-31,Footwear,East,4,18.2,72.8
8da5d593-9c91-49d7-a5dd-7552eb8c0dd3,1892,2023-08-23,Jeans,North,5,187.78,938.9
659a93db-7081-47e9-8ed4-ff0003100dfc,9002,2023-05-27,Sweaters,East,2,102.17,204.34
72c1a0e0-5105-4c55-bc68-b7e43c4b5e2f,7220,2020-11-17,Tops & Tees,South,2,14.29,28.58
00c5f117-cbea-4a3f-9cc1-5148a93e3e0b,8107,2022-12-26,Accessories,West,1,23.57,23.57
0689673c-8a8a-4815-9991-a1ee874c9681,3204,2022-02-15,Swim,North,4,157.16,628.64
9fb8799e-8c48-4fe5-a306-d5905cde3afc,7191,2021-06-17,Swim,West,4,113.51,454.04
c20ede9e-a94d-43df-bf7b-33a037e5e2f8,5832,2022-08-16,Jeans,West,4,21.34,85.36
f84db617-ae42-4a4a-b83c-301e8a083e26,2425,2022-09-09,Swim,North,4,16.81,67.24
d0fde790-4ebc-47e1-b1a0-3d582f9a1c45,5565,2024-06-19,Suits & Sportswear,East,4,43.42,173.68
1ffa7dee-8905-4f88-8898-47ba0d53afe3,3535,2022-01-06,Accessories,West,4,11.49,45.96
36925a10-7542-4791-bcfa-3b78a46ee413,8092,2023-10-27,Footwear,South,5,117.44,587.2
5f42f924-f610-493a-b823-19a0c70c6210,3888,2021-10-09,Accessories,South,3,104.77,314.31
c672e722-f7ad-4f63-b58c-a10e74c87481,8177,2025-07-13,Suits & Sportswear,East,2,89.78,179.56
0022a6de-b79e-4a19-aa5a-316124d19fd2,9876,2021-12-17,Tops & Tees,South,1,131.31,131.31
b1855946-5a48-4513-ab0e-02429628f68c,9632,2024-03-04,Sweaters,West,1,109.22,109.22
870f21bc-b4e3-49d6-a435-4ed4b6741192,5675,2022-04-14,Jeans,West,5,106.63,533.15
8b883348-c267-44d2-b16c-d4bb79af5fb6,6122,2023-09-23,Tops & Tees,East,1,78.55,78.55
a218d530-efa4-4d9e-a33c-266a1eff05fe,8174,2021-04-03,Suits & Sportswear,North,5,12.66,63.3
eb4dc2c2-6af8-414c-b373-d619ac56effa,6527,2022-08-30,Jeans,North,3,154.4,463.20000000000005
f6c1c377-7db4-410f-8cf6-f17c884fa0f9,1325,2023-08-22,Suits & Sportswear,North,5,77.48,387.40000000000003
21f91288-c3f5-485c-aa4e-2ae03d369ca7,9575,2022-11-05,Sweaters,East,3,79.32,237.95999999999998
fc04a4c7-83a2-4cec-b7cd-17a7a3c72244,5821,2024-03-22,Jeans,West,3,186.5,559.5
ff91e3ff-391d-4456-869b-1d29d2f444f4,5254,2024-02-14,Suits & Sportswear,North,2,20.01,40.02
5e8d6072-a533-4d4f-8cbf-51ed20dde85f,1187,2021-12-25,Suits & Sportswear,East,1,31.62,31.62
06f431a8-1e18-4982-b406-ac0052821b48,3251,2024-05-06,Footwear,West,2,28.54,57.08
3799545b-2ece-464f-9258-2959ba1fac46,8351,2023-05-25,Sweaters,East,4,187.62,750.48
84b0a913-29f8-4780-a4af-8a76f0cc3361,9602,2022-04-20,Sweaters,North,3,199.09,597.27
127b84c7-a2c9-4441-83f7-da73b9fb7774,8025,2023-11-07,Sweaters,North,1,56.47,56.47
7f5bc5f3-3e0d-4243-a50e-279cdcc520e0,8792,2022-11-02,Footwear,South,3,23.01,69.03
81021556-4021-4312-a7f5-50d13cf1a9fb,7530,2024-11-22,Suits & Sportswear,East,2,124.96,249.92
311eafd9-3b46-4456-bcd8-b319133caf9c,2521,2023-07-05,Accessories,East,5,104.27,521.35
eb2d1fcd-8c22-4133-824a-46597cb71670,4875,2023-09-20,Jeans,South,5,86.8,434.0
05ac532f-7b40-4de9-8b63-fac5a82c7a00,2870,2024-02-27,Jeans,North,3,181.87,545.61
3485de64-ba2b-4694-921d-db720a134a38,6116,2020-10-29,Suits & Sportswear,East,4,115.03,460.12
d9ecc5ae-3d9f-4888-ab8a-23d54bdcf298,6334,2021-05-17,Jeans,South,1,65.4,65.4
cb75bbd1-a398-426f-b2bf-9a8e38ca3800,5470,2021-05-01,Suits & Sportswear,South,5,14.59,72.95
d69effd8-1e59-409b-bc83-b28faf7f05bc,7065,2024-02-29,Tops & Tees,North,5,41.12,205.6
6dbe8c09-ca36-436a-a005-fb5da089d9d3,5476,2024-12-08,Suits & Sportswear,West,3,160.75,482.25
87937d9d-a046-4603-a438-39acfef46278,3420,2022-03-13,Tops & Tees,East,5,111.56,557.8
e6d6b993-c067-4120-a9cf-1a19de0a4ac6,7810,2020-12-06,Footwear,North,1,56.02,56.02
f5551dc8-80ea-49a7-9f3f-c39012969538,5721,2023-10-30,Footwear,East,4,185.88,743.52
2c6eb843-2231-48da-9e52-6d20a4c50212,4437,2025-03-18,Suits & Sportswear,West,5,104.1,520.5
269bbc3e-14ae-440d-9ea4-3b379baf9946,8081,2024-12-19,Swim,West,3,135.82,407.46
f57ee5f8-4d5b-407f-a695-064f5b114fd5,7394,2024-05-07,Footwear,West,4,94.55,378.2
2a49af03-b908-4602-ae56-5f86b8418ab4,1592,2023-09-30,Swim,North,1,54.01,54.01
582fb7b1-9e08-4198-9077-36641b8d0693,9998,2025-01-17,Jeans,North,1,150.8,150.8
678ffbb4-0fa2-49f9-9010-9bf6a96ee910,7001,2023-07-29,Tops & Tees,South,5,179.06,895.3
96600979-13bb-4230-a988-36eb78a435a3,1748,2024-03-29,Swim,North,2,137.51,275.02
bed5d672-cfe0-482a-b566-fb03dce1fb2b,3982,2022-12-03,Swim,East,5,142.26,711.3
c850f4b7-9c06-4282-9755-8127af7d2cf2,7179,2021-04-28,Swim,East,2,171.1,342.2
a13ed2de-ffaa-47fa-aac0-73536a6c39e3,9340,2024-05-30,Suits & Sportswear,South,3,125.77,377.31
26287f98-1148-451c-afc6-f2b8ad4aef51,3259,2023-06-07,Jeans,East,4,195.52,782.08
432c92ea-a72b-4960-92b2-95761ac2788d,9054,2023-03-02,Suits & Sportswear,East,5,51.17,255.85000000000002
49daba74-caa7-4de7-9fe7-9ad69094d856,4008,2023-04-21,Sweaters,West,1,167.03,167.03
d13789ee-aece-4067-af2c-364da4b16367,3517,2022-11-02,Accessories,East,5,19.59,97.95
fb1ebad5-5c0e-4582-9520-a22559890abf,2754,2022-09-03,Tops & Tees,North,1,176.87,176.87
f9f5f71e-713d-42de-a9ce-6113a33ea63f,5054,2022-08-07,Accessories,North,1,148.32,148.32
bf4af6a8-2684-47ae-849a-5670c9f0bc50,6452,2022-10-12,Tops & Tees,South,4,95.97,383.88
82e2e033-b675-4cac-b90c-1cdadb2d7f67,7603,2024-10-30,Suits & Sportswear,West,4,34.58,138.32
1dbd0e08-5a26-4f3f-a63c-6d45bac715a6,8947,2024-02-16,Sweaters,East,1,61.0,61.0
48b8a589-a09c-4594-ae81-54f7ba389c7e,6110,2025-04-27,Swim,South,1,48.43,48.43
e9203c41-8897-4086-bb07-32b73bcd24b6,6997,2024-04-02,Suits & Sportswear,North,1,179.36,179.36
f64b1fa9-2287-437b-ab15-29756ad10056,5822,2021-02-24,Tops & Tees,South,3,107.83,323.49
4a0f87eb-20c1-412d-b2da-e9295f58bb7c,6866,2021-08-04,Suits & Sportswear,West,4,98.68,394.72
4d882966-f8c1-483b-97fa-48557bd451f7,4878,2024-04-20,Footwear,North,1,123.1,123.1
2e2c10a2-22f9-4bfb-9d0e-0ac4f4b7e307,5819,2021-10-13,Jeans,South,1,60.21,60.21
b8e21b24-f7fc-45c0-a4a9-6baaa86242cd,5826,2020-09-03,Sweaters,North,4,130.92,523.68
81f2ab72-a2ff-4048-9ecd-f9fb874df2c9,7088,2023-04-13,Swim,North,2,127.98,255.96
c966b5b6-1597-4d28-a548-38508b8e23b0,1076,2023-05-31,Swim,South,4,74.93,299.72
22fd0646-8e7e-4739-b57f-f2f475f024ed,6043,2024-07-30,Sweaters,West,4,179.99,719.96
8b3119e2-d310-48d6-9943-c44665394222,5068,2022-02-19,Suits & Sportswear,West,4,96.59,386.36
b844a653-87bf-420e-a530-475bf0edba54,7299,2022-08-25,Jeans,South,2,10.87,21.74
a291e1c6-3057-4f2e-b779-8353cf619cff,6435,2024-05-18,Footwear,East,4,112.63,450.52
9edfb550-47f3-4958-805a-9077506ddf0c,7484,2025-01-23,Accessories,South,1,53.73,53.73
f1259e4b-349e-419c-bb78-61ea2834bda8,8000,2022-05-14,Swim,North,1,75.64,75.64
9d21c435-f7ee-4065-9967-a293daaf3199,4199,2021-08-10,Swim,South,2,14.42,28.84
a394d5ff-3e41-49fb-9625-24767a635181,3830,2023-06-20,Tops & Tees,East,4,101.2,404.8
1619e7eb-6d7a-4fe1-ba45-215c93044f85,7393,2023-03-28,Tops & Tees,South,2,14.22,28.44
6744c55f-4c54-4a4c-8f01-d9bd8b77c6e0,7521,2023-11-21,Suits & Sportswear,South,2,190.77,381.54
fbdec451-fc87-4e4f-b141-1fda0ec4c408,3750,2021-06-21,Suits & Sportswear,East,5,191.89,959.4499999999999
ff3adc9b-f304-4210-b4de-d41ac72fdc97,1870,2021-10-18,Swim,West,5,173.75,868.75
f21d09b1-67a6-405f-be61-d4588b42cfd6,1257,2020-11-05,Footwear,South,1,28.46,28.46
002e13bf-4a3a-4e7e-9672-76b63f100840,1615,2023-03-10,Jeans,South,4,106.02,424.08
61947a4f-9cb5-4420-991b-27dfab341360,4127,2024-08-24,Sweaters,South,2,140.61,281.22
3a18307c-cfa9-4b0a-9930-7b42ccd4e4e3,8134,2020-10-24,Swim,West,1,158.67,158.67
853b508e-1b09-424f-9b7d-5bd237d847e6,3807,2024-01-14,Sweaters,South,2,131.67,263.34
902b9248-75ac-477b-b00c-632f9832411f,3638,2021-10-13,Tops & Tees,South,1,26.65,26.65
e469c0df-cc58-46f5-aceb-255e4b7f56aa,6661,2022-10-29,Jeans,North,3,61.96,185.88
ba4abc57-b55f-44e9-b676-9cbb16620ebd,7974,2022-07-14,Tops & Tees,East,5,81.86,409.3
c2d61cc4-9951-4f81-b7b0-f18976c3206b,2991,2023-10-10,Accessories,East,2,28.2,56.4
ec279119-c8b0-4177-a09c-242f2c08c9fb,7547,2024-12-28,Footwear,North,5,154.26,771.3
52ddcbe1-9883-4870-aeb2-284630fad5d8,9433,2022-08-22,Footwear,North,4,31.91,127.64
a5df6342-fd08-42ac-8dda-ba2000ddb5e1,9383,2020-11-26,Sweaters,West,2,196.34,392.68
4aad6fe3-9a85-4844-a0be-7c31bf6dffea,1089,2024-02-16,Footwear,South,1,198.64,198.64
741df4dd-071b-4411-8660-4cf3c04ba8e7,6241,2021-02-15,Swim,South,1,186.12,186.12
2b58f683-c891-4218-80c7-16ba04d5b3a9,7871,2022-09-15,Jeans,South,4,100.62,402.48
9532a50d-0b6d-4764-9d63-3bee3ab9a3bf,5649,2020-09-27,Swim,South,1,68.99,68.99
788d3b29-e9bc-431b-b522-c9e48bfb1cf7,8131,2022-01-29,Sweaters,West,5,36.58,182.89999999999998
87639e89-ddd9-480c-9b04-81407a7291bf,8115,2024-06-29,Sweaters,West,4,191.67,766.68
6c42be3a-3cff-49f3-9bf7-bdb1b7b48af3,6839,2022-03-01,Suits & Sportswear,West,3,142.54,427.62
26a1a72b-f5aa-4a0e-92b8-f03e6f8426a3,3793,2023-09-29,Suits & Sportswear,East,1,118.28,118.28
07299b91-d32e-4e45-97a0-01244b690fa8,1996,2021-11-19,Sweaters,East,4,13.2,52.8
b5c9555f-8e11-434a-90a2-53a939c0d15e,4971,2021-07-16,Swim,South,3,74.96,224.88
68cebdfe-82c6-49b4-ade7-bc028c58e8b7,9871,2024-09-03,Accessories,South,5,22.62,113.10000000000001
ec8b3fee-293e-4690-9698-4cf077e0c3f8,9432,2025-04-29,Sweaters,East,4,104.37,417.48
8d6f2d75-56c1-4fd9-95eb-9cc9a222ae19,8731,2020-09-10,Footwear,East,3,147.63,442.89
b00d7b13-87ce-4e48-a578-063c4c90e0ce,4420,2021-10-10,Sweaters,South,1,122.14,122.14
89656cdd-47ce-40ba-82d5-9b4cb7103689,3018,2021-10-29,Swim,East,4,41.01,164.04
18d3bdcc-a139-455b-81b2-9543193987f6,4788,2025-08-29,Jeans,South,1,97.33,97.33
32983b35-b67b-43f0-a43e-9c63ba1ecef2,8439,2020-12-09,Tops & Tees,South,5,112.12,560.6
de027f9e-7fc3-4f8a-ba50-dd2a10116c02,6505,2023-09-08,Footwear,West,5,64.78,323.9
eb0110fb-0bb2-4e24-80c9-34532bb25327,8889,2022-04-01,Sweaters,South,5,113.49,567.4499999999999
b261f667-9ed0-42c1-9b77-8b7f47ecbea1,3122,2021-09-03,Accessories,West,2,110.85,221.7
63dad4e3-3fa2-4f24-aaba-72781d42c599,4755,2025-05-10,Sweaters,North,2,102.02,204.04
d455605e-a26d-4153-b95a-8673f6766435,2987,2023-01-12,Accessories,North,3,159.24,477.72
8b1be710-fafa-4a44-8d30-c82b73e5bfef,7853,2021-02-25,Accessories,South,5,158.35,791.75
8b925a24-6d2b-4356-a985-84815fc48ec6,3720,2023-08-12,Accessories,East,5,43.87,219.35
5a540596-b245-432c-9511-5198f8af8c41,5489,2023-10-08,Suits & Sportswear,South,5,72.31,361.55
19b1ddcf-8ca7-4fda-923d-7afc2eb0d85a,9716,2020-09-01,Suits & Sportswear,East,1,22.56,22.56
8eed4588-bf14-44cf-a1eb-99cb7dd60596,4461,2022-05-27,Sweaters,East,5,154.52,772.6
052f5732-0033-4922-a2dd-ebac52e1c70b,1363,2023-02-17,Footwear,West,2,199.21,398.42
2404c309-34c2-44a3-a802-71f364aa7a87,3009,2024-11-04,Accessories,East,1,43.89,43.89
d8f10698-a867-45a6-abce-a5d56baf7f1d,1382,2025-03-21,Footwear,East,4,182.02,728.08
4ead0f23-9f10-4d88-92f6-2d46eebc434e,5697,2022-01-02,Footwear,South,4,91.55,366.2
625b9ac9-7cb5-43e9-9445-53b54c80c80a,9252,2023-02-26,Swim,West,5,46.27,231.35000000000002
47341f7c-5512-425f-a4fd-fc9051da8329,7456,2024-01-20,Suits & Sportswear,South,3,92.69,278.07
a6549d43-8b8c-409c-a880-5c6366ef0dd5,2185,2021-08-26,Suits & Sportswear,East,1,137.66,137.66
8fe8fd35-ca26-43fd-89b4-2fc730bb691e,3169,2021-05-07,Swim,East,5,56.75,283.75
8551aa45-2707-4adb-b8f3-35cd37ae3f36,3845,2023-11-25,Footwear,North,3,49.74,149.22
c3e1a820-bd3f-4626-973c-9bd6628ff4a0,9612,2025-01-07,Accessories,West,3,57.54,172.62
3ddf1cfe-274d-4b1e-b4e3-328db11fd012,6262,2020-12-07,Accessories,East,5,40.4,202.0
c531f25c-2386-420d-9d25-4ce51724dcf6,4806,2023-08-10,Footwear,East,4,191.9,767.6
accedc97-dd34-44be-a420-983889b92e1c,5849,2023-06-23,Swim,East,4,115.05,460.2
e2a27689-7636-4f85-9d13-a612d6d2d718,8183,2022-10-22,Sweaters,West,1,87.41,87.41
ba81456b-2e41-4fa7-8f0f-f9ad78b2a969,7446,2023-10-10,Accessories,West,4,164.49,657.96
2dd1696d-9c70-45d6-a684-44ec01e4af96,5010,2023-04-29,Accessories,West,2,77.18,154.36
46d4a40d-20d0-452a-9662-ce29e019619b,2435,2023-03-20,Sweaters,West,3,125.56,376.68
fde12ea6-ebfb-4e99-adce-a59b3dd4dda8,4511,2023-08-27,Accessories,North,4,121.1,484.4
6971679e-1579-4093-8fe6-0154cfbe6fd5,4416,2021-10-31,Footwear,West,2,22.32,44.64
5163c457-bab6-43dd-9c8f-656e904f727d,5933,2024-04-23,Suits & Sportswear,East,5,88.9,444.5
a48eea5f-0934-42a8-a7d0-41a0a4823a31,1675,2022-08-31,Accessories,West,3,19.98,59.94
a2416ba8-d6ef-4526-b37d-cc438120de1b,6673,2025-01-17,Jeans,East,3,31.23,93.69
45c783cb-7855-44b5-a51c-adaa3034f1df,9982,2023-06-30,Suits & Sportswear,North,1,85.71,85.71
a05360c4-2d90-4833-aaf3-7391ed371af6,4102,2024-10-31,Footwear,West,1,145.94,145.94
5c2d0112-7d1d-4367-ac7c-f3f3ca4f18b6,7505,2020-11-30,Suits & Sportswear,North,1,131.64,131.64
87a40b9b-bd01-4027-a5b1-f6de75c5f1e8,5290,2023-05-30,Tops & Tees,East,5,71.71,358.54999999999995
d4a94653-94a5-44e5-9642-c61e243b0ab7,8900,2022-10-14,Swim,North,1,172.92,172.92
7a4d6c2f-7013-4217-a7f5-5b125088a844,3098,2022-02-01,Suits & Sportswear,East,2,18.21,36.42
a72e6972-cd69-49d0-bc15-e5c5adbc7ffa,2421,2022-06-17,Tops & Tees,East,5,74.82,374.09999999999997
15f22da9-fb29-4d8a-b830-7370b50d8179,7420,2022-10-31,Suits & Sportswear,East,2,106.54,213.08
7a617668-4cc3-422f-b3f4-4c224ec839bc,7590,2021-02-10,Accessories,East,2,55.5,111.0
5951c0d3-cd67-477e-9a19-149eecfb60e9,7364,2022-10-15,Swim,South,3,33.23,99.69
518c78c5-238f-42ba-ba03-4aea4185965e,7414,2021-07-17,Sweaters,South,2,37.46,74.92
fc3abf4a-4041-497a-b067-9bc9e6f98103,1115,2020-11-22,Footwear,South,1,171.39,171.39
ab82f241-8c2b-4ec0-a571-23beb2cfdf79,6582,2020-09-02,Jeans,South,2,130.02,260.04
7a88b1f7-809a-4ec8-aafc-06ffa55f25e1,3620,2020-11-12,Swim,North,5,159.35,796.75
e1ddb3b9-c88f-4436-bcf0-6931b180cce4,3172,2021-05-08,Sweaters,North,1,124.71,124.71
662b8dfe-eb54-4baf-861d-5ef804c7e3ee,8049,2022-11-02,Sweaters,South,4,10.04,40.16
6776110e-ab26-47d0-901d-5a92d5dd3b91,9751,2024-07-19,Tops & Tees,North,1,73.26,73.26
7a4a0f5d-d94f-43e3-8b04-fa022f03e86c,2367,2021-08-08,Swim,North,2,18.38,36.76
ab0d5709-a29b-4d5b-aaae-f7f2051211aa,2393,2025-04-05,Suits & Sportswear,North,5,78.12,390.6
b5347598-7151-4707-90b0-6242cdb14841,9260,2023-04-01,Swim,East,1,116.71,116.71
2fd4ddf3-53fd-49ad-8bd2-b733e895553f,1309,2024-07-28,Sweaters,East,2,47.22,94.44
017c85eb-d335-4507-bebf-374f8f6c3dfa,1843,2025-03-12,Tops & Tees,South,3,180.08,540.24
37d1b01a-2ba8-4b6a-969a-f0468b137eea,1196,2021-11-30,Footwear,West,4,124.59,498.36
521f69bc-5764-4dcf-8a8c-cfe9beade9c7,8287,2022-07-26,Footwear,West,3,75.75,227.25
265c1ffb-ac17-4fa7-8833-17ddb5b82978,1331,2024-10-18,Accessories,East,1,161.53,161.53
a6a12286-67fa-4090-abe5-367420e989f3,9210,2021-11-24,Footwear,East,4,58.2,232.8
f40caf4c-e63a-4de8-a6a4-0059835c97aa,8205,2024-11-10,Sweaters,South,3,83.87,251.61
2003563f-ad9f-4ada-8fba-9b0dd4997777,6938,2020-12-18,Tops & Tees,West,2,43.03,86.06
717712d1-6a65-4897-a540-3ee683797366,7358,2021-11-19,Suits & Sportswear,West,2,100.3,200.6
b1430826-b052-412a-a7eb-70d1d1d929ef,2958,2021-02-19,Accessories,East,2,125.37,250.74
d43f4d9e-bc2c-4a55-af94-dc611f0f777a,8690,2023-04-01,Jeans,West,2,23.53,47.06
9ce598e2-776b-47f1-a6f2-25da916cbcdc,8345,2025-07-12,Tops & Tees,East,3,44.34,133.02
69076747-1edb-466d-a764-4541b349ce95,8905,2021-01-29,Footwear,North,2,126.33,252.66
203a86cd-4a77-4fe1-8e05-451540b58074,8140,2022-05-09,Sweaters,South,5,158.93,794.6500000000001
1ee87d06-ad62-4908-8aa1-7f6ef8b5a0b0,9927,2023-11-07,Accessories,West,5,158.18,790.9000000000001
43a9d405-d8f0-4479-b6ac-af8fd49e7c76,2955,2023-02-08,Tops & Tees,North,3,155.89,467.66999999999996
715e7359-e04f-434b-9d30-d1ef11d76956,9783,2024-04-16,Jeans,East,3,63.4,190.2
cf4e2f5e-37ed-4a67-9751-065ec10d7a95,6286,2023-06-24,Sweaters,North,1,166.72,166.72
6e79de28-fdc0-45fa-a6a7-be98ffbf666e,9373,2023-08-27,Jeans,South,3,116.8,350.4
16bf0afd-5143-43b1-97a0-f5d1655de0ea,6706,2021-03-18,Footwear,West,1,62.14,62.14
4eedcb3d-b8f7-474c-a26b-1b1a2ae1cb2a,6973,2020-10-05,Jeans,East,2,38.9,77.8
5234d0d2-7fda-43f1-bd9c-d4a2adf5dcce,5360,2023-10-29,Footwear,South,5,148.13,740.65
5cc6bb6d-1f33-408d-8a48-854c27e34852,9835,2023-11-26,Jeans,West,3,12.78,38.339999999999996
0b89cdeb-a8f9-4a04-a00a-bc3680295ea6,2770,2025-03-06,Suits & Sportswear,East,3,117.71,353.13
da41b163-3e7f-4ee3-88a5-b62461b5d4d7,9773,2023-09-17,Sweaters,East,5,51.55,257.75
8bdda0d1-bb09-4b96-8766-8f0800575c29,1734,2023-06-12,Sweaters,East,2,123.27,246.54
b7ce8a30-5232-4042-b42d-c4aaae42c495,2906,2021-05-21,Sweaters,North,4,167.38,669.52
c1ca04db-5c66-41df-9a70-d156b4ad4fb0,7353,2022-05-09,Accessories,South,5,143.6,718.0
25682f51-0c12-4b0f-9e09-a2f6689820e4,9755,2024-10-23,Accessories,East,4,77.82,311.28
4e040c5f-1b68-4df2-90b3-24c42713791b,1659,2021-10-02,Swim,South,4,35.11,140.44
622957cf-2ebb-4d4c-bd91-b38afa49c7b3,5353,2024-03-01,Sweaters,East,4,112.47,449.88
9f044d55-1425-4432-8865-744716d8eadf,2179,2024-06-05,Jeans,East,4,199.04,796.16
7453b81d-e833-492b-9f93-258ff99ac990,4366,2023-09-22,Swim,West,3,130.5,391.5
f33f35fe-0052-4d86-8b77-aab68b261386,4782,2025-08-12,Sweaters,East,5,138.31,691.55
9d4f89cb-0695-4ab4-abc1-ee16d83f307d,2393,2020-11-27,Suits & Sportswear,West,5,135.65,678.25
a6b0c019-604f-4143-84fd-c86b613bfe9d,2589,2021-01-03,Footwear,North,3,195.25,585.75
83475dcf-5941-4050-a48f-78f9741b1fc3,9891,2025-05-23,Tops & Tees,North,1,49.97,49.97
89155ddc-6df5-40a5-8121-a1062b18e08c,3284,2021-12-07,Tops & Tees,East,2,105.09,210.18
738be8dc-1b46-437a-99dd-e51e56e46fa5,4404,2024-12-14,Swim,North,2,61.2,122.4
e40a9055-2556-470b-898e-015dc80c2011,5538,2023-08-27,Jeans,North,2,45.22,90.44
e85b9d64-2565-4bc2-9e5f-f3fc2a200ef7,5337,2024-03-10,Swim,East,4,188.71,754.84
03220801-142e-4fa5-b2c4-48cc9c8d96a8,9600,2022-04-24,Footwear,West,5,56.91,284.54999999999995
be2c1d8a-439f-41ac-9492-d85ac8a23dbf,5698,2022-10-05,Swim,North,5,49.15,245.75
4ad47622-b898-4746-8422-3ddd43e83e57,7168,2021-12-18,Jeans,South,2,196.6,393.2
8399b826-1b97-4188-b3a2-da31ef0a8392,2388,2022-02-07,Footwear,East,1,195.89,195.89
c5e9b83d-1fb4-4b33-a0e2-838b0d23d04a,8750,2021-02-11,Sweaters,East,4,40.43,161.72
01ce592b-45ac-4996-a1a4-68cdb2271c79,6759,2022-05-11,Accessories,North,4,167.16,668.64
17631e49-4c2e-478c-98e9-8bd9358e0d08,1709,2020-12-31,Tops & Tees,South,3,180.19,540.5699999999999
b072efa4-6dc8-4d18-adad-aa78620c8453,5841,2020-12-14,Jeans,North,5,135.78,678.9
6f8f0015-1185-4372-bfdc-3ac96e42c891,7482,2021-01-05,Footwear,South,1,146.22,146.22
1497510f-1420-4e0d-99b6-5dbe6c0429ed,9041,2024-08-11,Accessories,West,4,121.53,486.12
804a394d-27d5-452c-8a0d-3e3bcd62fa55,9510,2023-06-03,Tops & Tees,East,3,68.32,204.95999999999998
ce52bee8-63ea-4cf8-bd8a-347c3af663b1,6095,2023-08-24,Swim,South,2,129.58,259.16
8dec959d-d9ff-4dea-9d51-dae5951bec85,4135,2022-05-14,Swim,East,4,97.94,391.76
43095a8f-9ca4-4905-b716-e8cc01d159e5,5361,2023-12-29,Swim,West,4,144.11,576.44
e67ce331-8c78-4154-bc54-659a0b8da5cc,5391,2022-02-19,Footwear,East,4,51.77,207.08
0142557b-1e6c-49dc-8df3-c24ec0c8873e,3943,2022-06-22,Tops & Tees,South,4,13.2,52.8
bf0237cc-21b9-40af-aec8-525288b42058,3202,2023-08-09,Sweaters,East,3,65.74,197.21999999999997
f4a1e923-930a-41cd-9231-4c1352feddfd,4349,2021-08-16,Tops & Tees,East,1,106.49,106.49
5155b051-fd50-4a20-a625-8989db8160e7,2845,2022-09-23,Footwear,West,3,181.54,544.62
09d87b7d-bd38-43b2-85eb-4e5fe0eb4325,2561,2025-04-20,Suits & Sportswear,West,4,120.55,482.2
e188fe0b-4e6d-4a19-aedc-841d877ebbbe,4013,2022-08-07,Jeans,West,5,185.15,925.75
fc0e58f8-05e1-4bc2-b89b-60b079cc30f6,7491,2022-07-27,Tops & Tees,North,5,199.87,999.35
a8acee52-1248-4efd-bbaf-7e8518584aac,2323,2024-11-23,Footwear,East,3,25.66,76.98
5afeacb2-7099-42ca-8471-835f22dec093,8350,2025-07-27,Tops & Tees,West,4,14.63,58.52
a7a860cd-2318-4ce7-8ba7-9f0fa1ecab0f,8606,2025-01-17,Suits & Sportswear,South,3,135.95,407.84999999999997
44782ad9-bc77-4700-a5cc-b00b964d6a5b,8920,2022-05-12,Footwear,North,4,71.15,284.6
b7906962-0d73-4dec-8bba-351268da751a,9316,2024-01-21,Jeans,South,1,135.94,135.94
adf0246f-21cf-4811-969c-bb7f3a4d0f66,5572,2025-06-11,Jeans,North,4,72.82,291.28
0bb74bdc-0b14-4b64-8f75-855e17d49f53,5845,2022-06-19,Footwear,North,2,136.13,272.26
154fc08c-fdcf-4d4e-b67d-97e2a370e830,8549,2021-07-08,Accessories,West,3,77.81,233.43
87941da8-53b6-48d1-9c64-38b58522b48d,2218,2023-07-15,Accessories,West,3,178.62,535.86
9db7edb0-99b2-445c-8fec-361f6a3526dc,7079,2025-08-26,Sweaters,South,5,166.87,834.35
7c9be095-8846-40c8-a3e4-f751eea0ea16,4681,2022-09-27,Suits & Sportswear,North,4,40.59,162.36
da0d493f-6adc-47d1-ba05-956086b76bf4,2057,2025-01-17,Footwear,West,5,85.6,428.0
829dafc0-3173-4e10-aa74-34cd4325476b,3777,2022-04-12,Suits & Sportswear,West,1,171.82,171.82
e67ac084-f1b3-488e-ad8e-6bc44ae62ae5,8071,2024-02-22,Sweaters,West,5,181.01,905.05
d58fa644-af8d-42f8-af58-10d5ce7556fb,5013,2024-11-12,Suits & Sportswear,West,3,182.28,546.84
61d9dc68-1f59-4baf-b43a-d716ddb8d62a,3842,2024-04-28,Footwear,West,1,126.3,126.3
50bed5e4-6893-4ef2-acd5-85abe646c95c,1375,2023-05-12,Tops & Tees,North,2,92.66,185.32
734f7dec-89e3-442a-a04d-841edf0f93ce,7838,2024-01-02,Jeans,North,3,18.3,54.900000000000006
882eac9b-9e4e-44e0-91ea-70a0d3db78e0,3331,2020-10-26,Swim,West,3,26.3,78.9
b9a47049-42e3-4028-a158-1d38c7868705,1676,2024-07-04,Tops & Tees,West,1,154.47,154.47
a2146ce7-9fea-48af-945d-e77f0c090e58,2588,2023-11-14,Footwear,West,1,95.76,95.76
34bc3b82-fa8f-467b-b269-0327d75d2bd8,3231,2021-09-12,Jeans,West,3,69.55,208.64999999999998
da80c366-3c3e-4c59-9d27-1f1b89d535d7,1139,2022-03-02,Accessories,South,4,95.68,382.72
d3e2816a-d6c4-49d3-b291-f3d0819e0260,1761,2021-11-24,Footwear,West,1,180.28,180.28
39521f91-f88b-4e7d-af7b-0c596d57a76e,1063,2022-08-04,Accessories,West,4,45.9,183.6
94a8d5d6-01e6-4c55-9456-08af4d7e2e48,3893,2020-09-18,Jeans,South,5,175.12,875.6
